"FME.DE.Open";"FME.DE.High";"FME.DE.Low";"FME.DE.Close";"FME.DE.Volume";"FME.DE.Adjusted"
33.66;33.66;33.66;33.66;0;30.86
33.77;33.93;33.55;33.67;1103100;30.87
33.8;34.66;33.59;34.65;1657500;31.77
34.5;34.6;34.2;34.48;1228200;31.62
34.33;34.61;33.9;33.94;937100;31.12
34.11;34.45;33.97;34.38;1018700;31.53
34.38;34.73;34.25;34.35;1393800;31.5
34.21;34.28;33.81;33.91;1001000;31.09
34.08;34.56;33.8;34.48;1047600;31.61
34.6;34.9;34.24;34.85;859500;31.96
34.9;35.23;34.9;35.08;613500;32.17
35.16;35.16;34.71;34.8;883800;31.91
34.85;34.96;34.34;34.55;1045200;31.68
34.49;34.68;33.95;34.09;1257700;31.26
33.93;34.43;33.59;34.31;1433200;31.46
34.5;34.5;33.58;33.67;1212800;30.87
33.67;34;33.27;33.88;1745700;31.06
34;34.67;34;34.37;1451400;31.51
34.23;34.46;34;34.02;1356000;31.19
33.93;34.37;33.75;34.14;1532100;31.3
34.29;34.55;33.93;34.46;1567700;31.6
34.33;34.5;33.98;34.11;2021200;31.28
34;34.33;33.9;34.17;1339600;31.33
34.25;34.97;34.17;34.81;2388500;31.92
34.83;34.96;34.53;34.82;1335400;31.93
34.69;34.7;34.35;34.55;1339600;31.68
34.83;37.02;34.83;36.69;6656900;33.65
36.63;36.78;36.24;36.45;2054700;33.42
36.33;36.52;36.04;36.19;966300;33.19
36.3;36.55;36.22;36.43;1106400;33.4
36.34;36.73;36.19;36.28;1084000;33.27
36.33;36.42;35.98;36.36;1531400;33.34
36.35;36.67;35.99;36.17;1369800;33.17
36.04;36.36;36;36.34;1276100;33.32
36.67;36.68;36.03;36.05;1708400;33.06
36.21;37.09;36.08;36.95;1836600;33.88
37.01;37.37;36.79;37.2;1500200;34.11
37.96;38.22;37.34;37.67;3089600;34.54
38.33;38.33;36.71;36.94;3248900;33.87
37.47;37.96;37.12;37.71;2015700;34.58
37.54;37.73;37.04;37.55;1283300;34.43
37.37;37.47;36.05;36.11;3360400;33.11
35.96;36.63;35.11;35.67;3627500;32.71
35.67;36.06;34.56;35.4;2527500;32.46
35.55;35.75;34.6;35.42;2102800;32.48
34.82;35.41;34.53;35.22;1958000;32.3
35.28;35.67;35.03;35.4;1673000;32.46
35.56;35.73;35;35.27;1653100;32.34
35.27;36.06;35.08;35.76;1876100;32.79
35.93;36.26;35.63;35.86;1663100;32.89
36.05;36.5;35.77;35.93;1450100;32.95
35.93;36.28;35.18;35.2;1332600;32.28
34.83;34.97;34.17;34.33;2405400;31.48
34.66;35.1;34.57;34.84;1844200;31.95
34.92;35.06;34.6;34.85;2986400;31.96
35.19;35.82;35;35.51;1408200;32.56
35.63;36.53;35.4;36.3;2114400;33.29
36.22;36.67;35.86;36.23;1685500;33.23
36.67;37.04;36.41;36.41;2008700;33.39
36.54;36.74;36.14;36.39;1251600;33.37
36.42;36.58;36.17;36.48;1048600;33.45
36.48;36.63;35.85;36.01;1476200;33.02
35.98;36.17;35.67;35.98;905300;33
36.08;36.36;35.83;36.27;1373800;33.26
36.2;36.74;36.09;36.31;1638200;33.29
36.43;36.49;35.95;36.45;1379900;33.42
36.46;37.23;36.21;37.19;1909500;34.11
37.33;37.73;36.96;37.43;1334400;34.33
37.43;37.49;36.92;37.08;672300;34.01
37.08;37.08;37.08;37.08;0;34.01
37.08;37.08;37.08;37.08;0;34.01
37.04;37.48;36.75;37.37;928500;34.26
37.25;37.51;37.09;37.11;805000;34.03
37.17;37.24;36.68;36.81;1152100;33.76
36.93;37.4;36.86;37.28;1121300;34.19
37.33;37.37;37.12;37.37;983100;34.26
37.18;37.37;37.05;37.19;881000;34.1
37.08;37.4;36.98;37.06;986300;33.98
36.67;36.88;36.57;36.68;1530100;33.64
36.76;36.87;36.49;36.49;1897900;33.46
36.53;36.87;36.31;36.75;1430400;33.7
36.77;37.06;36.15;36.29;2422800;33.28
36.41;36.85;36.17;36.7;1065800;33.65
36.82;36.94;36.56;36.78;1048800;33.73
36.68;36.92;36.17;36.69;1040200;33.64
36.55;37.03;36.36;36.81;978000;33.75
36.81;36.81;36.81;36.81;0;33.75
36.98;37.16;36.33;37.09;2022600;34.01
37.39;37.39;37.09;37.33;1974700;34.23
37.46;37.67;37.03;37.22;2096700;34.13
37.37;37.62;37.1;37.54;728400;34.43
37.58;38.3;37.35;38.02;2291300;34.86
38.17;38.44;37.55;37.65;1016200;34.52
37.65;37.79;37.17;37.28;1150400;34.18
37.15;37.51;36.67;37.41;1297000;34.3
37.61;37.7;37.28;37.44;809100;34.34
37.3;38.03;37.17;37.83;2199600;34.69
37;37.5;37;37.16;1835100;34.08
37.17;37.34;36.98;37;708800;33.93
36.87;37.2;36.61;36.88;1799700;33.82
36.79;36.83;36.38;36.41;1754100;33.38
36.37;36.4;35.93;36.04;2225600;33.05
35.96;36.03;35.59;35.63;2014000;32.67
35.55;35.79;35.2;35.23;2393800;32.31
35.23;35.6;35.17;35.39;2679500;32.45
35.39;35.39;35.39;35.39;0;32.45
35.54;36.23;35.54;36.17;2402300;33.16
36.1;36.11;35.81;35.99;1304400;33
36.33;36.83;36.26;36.36;2535400;33.34
36.56;36.82;36.44;36.58;1487400;33.55
36.45;36.65;36.23;36.25;1193100;33.24
36.33;36.49;35.86;35.88;1461800;32.9
35.83;36.2;35.35;35.47;1422500;32.52
35.41;35.71;34.86;35.15;2774900;32.24
34.96;35.33;34.7;34.95;2017000;32.05
35.1;35.54;35.01;35.19;1288800;32.27
35.02;35.63;35.02;35.52;1996500;32.57
35.33;35.43;35.01;35.2;1506400;32.28
35.6;35.77;35.24;35.52;2162600;32.57
35.65;35.93;35.36;35.85;5880000;32.87
36.35;36.5;35.25;35.27;1905900;32.34
35.1;35.7;33.52;35.15;5999000;32.23
35;35.27;34.81;35.02;1910200;32.11
34.87;35.15;33.86;34.11;2668100;31.28
34.2;34.29;33.52;33.83;2469200;31.02
33.6;34.25;33.35;34.11;2410500;31.28
34;34.08;33.49;33.57;1686600;30.78
33.34;33.87;33.1;33.62;2704900;30.83
33.86;34.25;33.67;34.06;1352300;31.23
34.14;34.15;33.59;34.13;1920300;31.3
34;34.46;33.77;34.29;1373100;31.44
34.42;34.45;33.75;33.91;2053900;31.1
33.79;34.2;33.73;34.07;1012500;31.24
34.25;34.4;33.8;33.87;1257900;31.06
33.8;34.36;33.67;34.34;1468200;31.49
34.44;34.44;33.75;33.94;1136900;31.12
33.95;34.16;33.35;33.7;2356900;30.9
33.39;33.49;32.99;33.19;3077300;30.43
33.14;33.84;33.06;33.8;1708400;30.99
33.95;34.08;33.11;33.21;1911600;30.45
33.25;33.72;33.17;33.61;1581600;30.82
33.52;33.95;33.41;33.79;2154500;30.99
33.39;33.7;32.98;33.05;3107800;30.31
33.24;33.99;33.1;33.76;1735500;30.96
33.81;33.89;33.18;33.21;1456600;30.45
33.4;34.54;33.3;33.97;3260300;31.15
33.81;34;33.35;33.47;1786800;30.69
33.33;36.07;33.32;35.15;6495300;32.23
35.35;35.62;34.81;34.9;3632400;32
34.3;35.35;34.27;35;3440800;32.09
34.89;35.06;33.92;34.02;2577400;31.2
34.32;35;34.32;34.54;1791200;31.67
34.44;35.1;33.76;34.4;2526700;31.54
35.48;35.91;35.11;35.73;3745300;32.76
35.9;35.9;34.62;35.34;3019500;32.41
35.02;36.19;34.68;36.03;2803200;33.04
36.07;36.42;35.69;36.4;2009100;33.38
36.5;36.85;36.12;36.38;3297500;33.36
36.29;36.49;34.89;36;3614600;33.01
35.46;36.1;35.26;35.58;2989200;32.63
35.7;36.37;35.58;36.17;1522600;33.17
35.83;36.08;34.93;35.09;1587900;32.18
34.77;35.6;34.77;35.4;1071200;32.46
34.83;35.69;34.66;35;2704900;32.09
34.8;36.4;34.58;35.5;2703700;32.55
35.57;35.9;34.9;35.28;1524300;32.35
35.52;35.61;35.1;35.53;1118900;32.58
35.5;35.69;34.77;34.86;1299400;31.97
35.15;35.58;34.92;35.51;1295100;32.56
35.32;35.64;35.28;35.47;515300;32.53
35.54;35.84;35.11;35.32;487200;32.39
35.18;35.42;35.09;35.31;561600;32.38
35.09;35.75;34.76;35.71;986100;32.75
35.79;35.8;35.04;35.48;1407400;32.53
35.61;36.22;35.48;36.06;1076400;33.07
36.26;36.4;35.46;35.52;1137200;32.57
35.51;36.17;35.27;36.1;911100;33.1
36.08;36.45;35.69;35.73;1111900;32.76
35.96;36.16;35.17;35.6;842000;32.64
35.68;36.41;35.64;36;1384800;33.01
35.92;36.46;35.92;36.1;1442700;33.1
36.35;36.74;36.05;36.2;1439000;33.2
37.1;37.53;36.67;37.36;2328400;34.26
37.17;37.45;36.79;37.12;1145200;34.04
36.94;37.31;36.3;37.1;1087800;34.02
37;37.72;36.6;37.63;1627000;34.51
37.44;37.8;37.09;37.57;1476100;34.45
37.68;37.83;37.03;37.28;2129200;34.19
36.97;37;36.71;36.84;1358100;33.78
36.88;37.99;36.8;37.85;3579300;34.71
37.6;38.19;37.35;37.65;1209800;34.52
37.45;37.67;37.12;37.12;1360400;34.04
37.15;37.65;37;37.04;1143300;33.97
37.4;37.75;37.29;37.66;1269900;34.53
37.57;37.8;37.07;37.27;930000;34.18
37.2;37.58;37.1;37.13;1009800;34.05
37.28;37.4;36.7;37.05;1246700;33.97
37.17;37.39;36.35;36.5;1758800;33.47
36.3;36.91;36.3;36.75;834700;33.7
36.76;36.99;36.07;36.31;1308800;33.3
36.16;36.5;36.08;36.3;696300;33.29
36.38;36.83;36.35;36.43;833000;33.41
36.55;36.61;36.2;36.47;878300;33.44
36.59;36.9;36.06;36.14;1214900;33.14
36.23;36.36;35.61;35.83;1093700;32.86
35.77;35.99;35.27;35.33;866400;32.4
35.29;36.11;35.2;35.87;1251100;32.89
36.1;36.54;35.68;36.29;1559600;33.28
36.31;36.37;35.3;35.84;1164400;32.86
35.59;35.83;35.35;35.6;952500;32.64
35.3;35.8;35.25;35.41;954800;32.47
35.59;35.78;35.4;35.51;696400;32.56
35.46;35.55;34.92;35.39;1191200;32.45
35.44;36.3;35.44;36.19;1148900;33.19
36.26;36.3;35.79;36.21;1029100;33.2
36.37;36.46;35.87;36.22;1094700;33.21
36.13;36.39;35.25;35.49;1778800;32.54
35.71;37;35.71;36.46;1898500;33.43
36.41;36.5;35.9;36.12;1498500;33.12
35.71;35.71;35.17;35.31;1443900;32.38
35.11;35.34;34.63;34.93;1138500;32.03
35.09;35.09;34.65;34.9;996700;32
35.08;35.26;34.39;34.56;1589300;31.69
34.31;34.68;33.8;34.63;1846900;31.76
34.95;35.23;34.6;35.05;1929300;32.14
34.82;35.44;34.82;35.39;1011100;32.45
35.24;36.54;35.24;36.5;1810400;33.47
36.51;36.7;35.74;35.8;1419600;32.83
35.71;35.8;35;35.3;1497300;32.37
35.18;35.78;35.18;35.72;1759600;32.75
35.59;35.85;35.03;35.64;1164400;32.68
35.85;36.33;35.25;36.29;1394600;33.28
35.91;36.13;35.05;35.81;1473900;32.84
35.92;36.84;35.71;36.67;2024500;33.63
36.74;36.99;36.05;36.45;1081400;33.42
36.61;36.88;36.22;36.77;1097100;33.72
36.4;37.07;36.4;36.97;1207300;33.9
37.35;38.04;36.78;38.04;1949600;34.88
38.41;38.49;37.43;37.54;1623600;34.42
37.44;38.38;37.44;38.22;1566100;35.05
38.17;38.9;38.17;38.67;1418000;35.46
38.5;39.09;38.41;38.44;1273200;35.25
38.51;38.91;38.08;38.5;1501600;35.3
38.53;38.59;37.88;37.94;1197700;34.79
37.98;38;37.54;37.86;823100;34.72
37.55;37.86;37.34;37.62;761800;34.5
37.95;37.95;37.33;37.81;1132200;34.67
37.59;37.6;36.41;36.52;2708300;33.49
36.32;36.97;36.21;36.25;1577500;33.24
36.45;36.89;36.26;36.73;812000;33.68
36.4;36.97;36.34;36.48;869100;33.45
36.48;36.64;35.38;35.4;2350900;32.46
35.43;35.92;34.9;35.64;1549300;32.68
35.82;36.47;35.72;35.94;1335200;32.96
36.64;36.65;36.08;36.44;2188000;33.42
36.44;36.44;36.44;36.44;0;33.42
36.44;36.44;36.44;36.44;0;33.42
36.44;36.44;36.44;36.44;0;33.42
36.59;36.59;35.99;36.13;683600;33.13
35.99;36.69;35.85;36.69;362200;33.64
36.69;36.69;36.69;36.69;0;33.64
36.69;36.69;36.69;36.69;0;33.64
36.6;36.83;36;36.1;854500;33.1
35.98;36.43;35.74;36.34;1036900;33.32
36.6;36.62;36.14;36.5;1132100;33.47
36.37;37.19;36.37;37.12;1195100;34.04
37.29;38.75;37.21;37.72;1947500;34.59
37.83;39.26;37.77;39.1;2938000;35.85
39.19;39.3;38.72;38.95;1312600;35.72
38.79;39.12;38.26;38.67;1530000;35.46
38.47;38.69;37.93;38.24;905300;35.07
38.01;38.66;37.7;37.82;1405700;34.68
37.78;38.52;37.64;38.2;2320700;35.03
38.43;38.48;37.14;37.6;1724800;34.48
37.61;38.41;37.34;37.67;1738300;34.54
37.55;37.87;35.06;35.15;2768900;32.23
34.6;35.74;33.66;35.08;2920300;32.17
35.4;35.79;34.04;34.46;2903900;31.6
34.83;35.36;33.45;33.8;2771300;30.99
34.11;35.29;33.95;34.65;2288900;31.77
34.01;34.95;33.99;34.55;1161900;31.68
34.55;35.01;34.3;34.8;1159700;31.91
34.71;34.92;34.4;34.63;953500;31.76
34.31;34.82;33.98;34.46;1564000;31.6
34.74;35.07;34.45;34.6;1243900;31.73
35.06;35.06;34.57;34.75;1094800;31.87
34.73;34.79;34.13;34.29;1327800;31.44
33.95;34.48;33.44;33.81;1817500;31
33.69;33.9;32.93;33.15;2098100;30.4
33.45;33.87;33.12;33.75;1412600;30.95
33.57;34.23;33.57;33.96;806200;31.14
34.08;34.75;33.9;34.48;1151500;31.62
34.04;34.93;34.03;34.83;1048400;31.94
35.02;35.1;33.73;33.85;2122100;31.04
34.08;34.8;34;34.69;2061200;31.81
34.97;35.21;34.49;35;1059400;32.09
34.91;35.27;34.26;34.84;1045300;31.95
34.96;35.9;34.66;35.7;2240100;32.74
35.88;36.03;35.28;35.29;1329900;32.36
35.2;35.72;34.88;35.13;1096700;32.21
35.01;35.52;34.81;35.05;1207900;32.14
35.3;35.6;35.03;35.3;712900;32.37
35.27;35.34;34.21;35.24;1296600;32.31
35.09;35.38;34.67;34.76;815600;31.87
34.6;35.09;34.32;34.67;1075700;31.79
34.41;34.71;34.11;34.42;1069300;31.56
34.38;34.42;33.6;33.83;1023500;31.02
34;34.73;34;34.68;1226600;31.8
34.7;34.71;34.08;34.3;669700;31.45
34.08;34.5;33.95;34.42;1122300;31.56
34.02;34.25;33.25;33.43;1109700;30.66
33.41;33.7;32.9;33.05;1346300;30.31
33.05;33.05;32.45;32.46;1671000;29.77
31.99;32.36;30.86;32.04;3322000;29.38
32.16;32.26;31.14;31.41;1801500;28.8
30.73;31.91;30.73;31.03;1996500;28.45
31.3;31.44;30.47;30.51;1827500;27.98
30.81;30.83;29.65;29.73;2243800;27.26
29.67;30.94;29.66;30.65;3690500;28.11
30.65;30.65;30.65;30.65;0;28.11
30.65;30.65;30.65;30.65;0;28.11
31.8;31.94;30.69;30.94;1741800;28.37
31;31.18;30.82;30.97;1401300;28.4
30.97;31.76;30.9;31.51;1606700;28.89
31.68;31.81;31.31;31.69;1135900;29.06
31.53;31.98;31.23;31.85;1286400;29.21
31.7;32.43;31.67;32.3;1535200;29.62
32.75;32.76;32.13;32.66;1266100;29.95
32.66;32.78;32.17;32.78;1460500;30.06
32.79;32.98;32.61;32.9;1059900;30.17
32.73;33.1;32.3;33.04;1497200;30.3
32.96;33.01;32.61;32.65;1367000;29.94
32.49;32.97;32.38;32.62;716900;29.91
32.46;32.93;32.24;32.76;851600;30.04
32.91;33.1;32;32.17;864500;29.5
31.94;32.28;31.81;31.88;680700;29.23
31.97;32.59;31.83;32.25;814000;29.57
32.47;32.47;31.85;32.1;843900;29.44
32.04;32.12;31.12;31.18;1479600;28.59
31.55;33.12;31.45;32.64;2186500;29.93
32.61;32.9;32.44;32.79;886600;30.07
32.74;33.07;32.36;32.53;567900;29.83
32.73;33.01;32.19;32.7;1274800;29.99
32.5;33.2;32.48;32.86;1112500;30.13
33.18;33.82;33.03;33.6;1267800;30.81
33.61;34;33.41;33.52;784900;30.74
33.48;34.12;33.28;33.69;1112100;30.89
33.5;34.29;32.94;34.09;1712100;31.26
34.15;34.49;33.68;33.86;1575800;31.05
33.73;34.02;33.46;33.74;805400;30.94
33.89;34.38;33.62;34.25;1221600;31.41
34.26;34.48;34;34.04;831100;31.21
33.97;34.57;33.95;34.5;929800;31.64
34.32;34.77;34;34.74;1223800;31.86
34.83;35.39;34.82;35.12;661300;32.2
35.41;35.87;35.16;35.63;1331900;32.67
35.66;35.9;35.03;35.15;955500;32.23
35.14;35.55;34.84;35.1;875700;32.19
35.32;35.73;35.01;35.42;1177100;32.48
35.35;35.82;35.34;35.66;817900;32.7
35.45;35.66;34.89;34.94;909800;32.04
34.75;34.9;34.28;34.39;764200;32.03
34.22;35.51;34.22;35.28;1112200;32.86
35.04;35.47;34.73;34.85;1113400;32.46
34.61;35.45;34.6;35.22;537000;32.8
35.21;35.84;35.04;35.62;1098300;33.18
35.58;35.86;35.36;35.78;861800;33.32
35.71;35.84;35.15;35.56;725100;33.12
35.53;35.97;35.38;35.82;897400;33.36
35.72;35.95;35.33;35.55;789400;33.11
35.52;35.91;35.37;35.73;960500;33.28
35.56;35.83;35.14;35.72;990400;33.27
35.79;36.47;35.63;36.04;1017400;33.57
36.21;36.36;35.25;35.37;879800;32.94
35.27;36.09;35.22;35.75;863200;33.3
35.59;35.8;35.22;35.66;1163800;33.21
35.52;36.59;35.38;35.8;2101300;33.34
35.9;36.31;35.8;36.1;1155000;33.62
35.85;36.19;35.67;35.98;964000;33.51
35.96;36.17;35.49;35.73;543300;33.28
35.76;35.8;35.28;35.3;978100;32.88
35.27;35.32;34.68;34.88;1110600;32.49
34.69;35.37;34.61;35.01;798100;32.61
35.13;35.4;34.52;34.52;1801600;32.15
34.55;35.15;34.54;34.95;700800;32.55
34.85;35.45;34.42;35.04;1290600;32.64
35.14;35.44;34.96;35.24;807200;32.82
35.14;35.63;34.84;35;1149700;32.6
34.9;35.39;34.69;35.04;1091100;32.64
35.03;35.12;34.44;35.01;981800;32.61
35;35.43;34.8;35.38;1556300;32.95
35.44;35.7;34.8;34.8;1555400;32.41
34.68;36.31;34.51;36.13;1903400;33.65
36.35;36.4;35.85;36.2;880800;33.72
36.11;36.73;35.58;36.28;1439600;33.79
35.6;35.91;34.95;35.12;1747600;32.71
35.34;35.55;34.47;35.28;2000100;32.86
36;37.88;35.53;37.15;3800600;34.6
36.94;37.14;36.02;36.13;2486000;33.65
36.11;36.32;35.37;36.16;1464200;33.68
35.65;36.53;35.37;36.4;1765700;33.9
36.62;36.95;35.11;35.18;2622200;32.77
34.5;34.5;33.21;33.54;4918700;31.24
33.22;34.99;33.13;34.75;4597600;32.37
34.65;35.21;34.51;35.03;1282200;32.63
34.84;35.22;34.39;35.11;1339200;32.7
35.28;35.35;34.35;34.74;1521500;32.36
34.87;35.79;34.73;35.34;1382200;32.92
35.15;36.09;35;36.09;1579800;33.61
36.29;36.65;36.07;36.1;1170800;33.62
35.41;35.79;35.1;35.47;1156300;33.04
35.3;35.74;35.11;35.26;695200;32.84
35.31;36.21;35.2;36.08;1110200;33.6
35.82;36.21;35.77;35.99;1151600;33.52
36.11;36.8;35.9;36.63;1192100;34.12
36.37;36.45;36.03;36.05;247700;33.58
35.92;36.73;35.87;36.57;646100;34.06
36.44;36.57;35.89;36.39;459300;33.89
36.4;37.2;36.03;37.11;1178700;34.56
36.96;37;36.41;36.6;872600;34.09
36.62;37.07;36.22;36.95;923700;34.41
36.95;37.28;36.59;36.93;959100;34.4
36.81;37.29;36.57;37.21;875300;34.66
37.03;37.19;36.21;36.35;947300;33.86
36.18;36.6;35.6;35.76;1131300;33.31
36.47;36.91;36.1;36.74;1394100;34.22
36.55;37.39;36.44;36.73;1090900;34.21
36.89;37.37;36.64;37.21;1558100;34.66
37;38.37;37;38.07;1539400;35.46
38.1;38.27;37.63;38.27;1296500;35.64
37.38;38.73;37.38;37.86;1764200;35.26
37.5;38.2;37.5;38.2;2257700;35.58
37.78;38.67;37.41;38.1;1879900;35.49
37.8;38;36.74;37;2106000;34.46
36.28;37.52;36.06;36.93;2945200;34.4
36.71;36.75;35.3;35.58;1509500;33.14
35.43;35.94;34.6;34.84;2005400;32.45
34.78;35.25;34.34;34.54;1081900;32.17
34.76;35.67;34.54;35.58;1361500;33.14
35.5;35.72;35.1;35.44;1108600;33.01
35.16;36.14;35.05;35.62;1466700;33.18
35.01;36.85;34.64;36.67;2128600;34.15
37.04;37.3;36.28;37.21;1380600;34.66
37.29;37.7;36.51;36.84;1902100;34.31
37.09;37.33;36.65;37.32;1313900;34.76
36.82;37.75;36.05;37.75;2957900;35.16
37.84;38.46;36.1;36.39;2830400;33.89
36;36.38;34.27;34.78;3113600;32.39
34.98;34.98;33.1;33.32;2650500;31.03
31.05;32.89;30;31.42;4140100;29.26
32.16;34.93;31.91;34.63;2664500;32.25
35.14;35.89;33.41;34.03;2737200;31.7
34.31;34.76;33.68;34.34;2480600;31.98
33.1;34.56;32.73;33.02;2395000;30.75
33.69;34.59;33.15;34.06;2160400;31.72
34.68;35.19;34.01;34.92;1387400;32.52
35.48;35.64;34.54;34.75;1049700;32.37
34.54;35.15;34.18;34.32;1419200;31.97
34;35.73;33.55;35.23;2486200;32.81
34.68;34.97;32.6;33.86;2256500;31.54
32;32.9;30.39;32.15;2551700;29.94
32.72;34.2;28.53;33.55;5120300;31.25
38;38.2;33.88;34.47;3401600;32.1
35.5;35.5;33.3;33.99;1884600;31.66
33.8;35.99;33.31;35.26;2669700;32.84
36.06;36.18;34.19;34.6;1884400;32.23
35.54;35.54;33.22;34.6;2748700;32.23
34.73;34.73;32.33;32.9;2544200;30.64
33.29;34.7;33.02;33.6;2295800;31.29
33.9;34.46;33.3;34.23;1456500;31.88
35.2;35.24;34.06;34.17;1026800;31.83
33.65;35.2;33.6;35.05;1619000;32.65
35.3;35.71;34.51;35.01;1559600;32.61
34.53;36.5;34.53;36.33;1846600;33.84
36.59;36.75;35.71;36.17;1252600;33.69
36.05;36.38;34.97;35.8;1427400;33.34
36.04;36.62;35.8;36.56;1603200;34.05
36.56;36.88;35.12;35.36;1744600;32.93
34.36;35.06;34.09;34.98;1734200;32.58
34.64;34.64;32.96;33.67;2137000;31.36
33.87;36.36;33.63;36.09;2052800;33.61
35.55;36.5;35.31;35.62;1398100;33.18
35.62;35.7;33.8;34.05;1726600;31.71
34.17;34.7;33.92;34.33;1262400;31.97
34.5;34.58;33.98;34.28;1252600;31.93
34.51;34.52;33.13;33.39;1260800;31.1
33.29;34.48;32.83;34;1576800;31.67
33.64;35.34;33.63;35.14;1160400;32.73
34.91;35.67;33.92;34.38;948900;32.02
34.2;34.69;33.75;34.32;1175300;31.97
35.34;35.46;34.55;34.66;1441800;32.28
34.47;34.92;33.63;33.66;1604100;31.35
34.01;34.03;33.13;33.62;1018500;31.31
33.62;34.2;33.38;33.69;877000;31.38
32.8;33.8;32.7;33.65;1042900;31.34
33.86;34.14;33.56;33.77;778800;31.45
34.18;34.18;33.33;33.6;1281800;31.29
33.98;33.98;32.82;33.05;1274500;30.78
33.1;33.24;31.98;32.46;1744000;30.23
32.2;33.01;31.91;32.98;2381200;30.72
33.1;33.36;32.5;32.86;811900;30.61
32.79;33.44;32.7;32.79;933000;30.54
32.79;32.79;32.79;32.79;0;30.54
32.79;32.79;32.79;32.79;0;30.54
32.79;32.79;32.79;32.79;0;30.54
33.41;33.41;32.64;33.09;793300;30.82
33.13;33.7;32.9;33.31;558200;31.02
33.31;33.31;33.31;33.31;0;31.02
33.31;33.31;33.31;33.31;0;31.02
34.98;34.98;33.77;34.15;846500;31.81
34.55;34.74;33.9;34.02;698700;31.69
34.32;34.81;33.79;34.04;817300;31.7
34;34.11;33.43;33.77;708900;31.45
33.84;34.19;33;33.5;869500;31.2
33.79;33.8;32.78;33.04;811000;30.77
33.06;33.33;32.88;33.19;570000;30.91
33.03;33.47;33.03;33.42;1017000;31.13
33.74;33.74;32.54;32.84;888200;30.59
32.8;33.45;32.5;33.24;1165300;30.96
33.65;33.7;32.91;33;963700;30.74
33.54;34.49;33.37;34.09;845300;31.75
34.17;34.29;33.36;33.6;1061700;31.29
33.54;33.75;33.25;33.58;1127700;31.28
33.76;33.83;33.19;33.55;869400;31.25
33.54;34.17;33.42;34.13;1169700;31.79
34.5;35.16;34.11;34.77;1558200;32.38
34.79;34.91;34.31;34.51;958500;32.14
34.8;34.99;33.66;34.6;1175500;32.23
34.42;35.19;34.42;34.7;1193700;32.32
34.84;35.34;34.65;35.01;1035500;32.61
34.87;35.04;34.55;34.91;583800;32.51
35.25;35.47;34.7;35.45;787700;33.02
35.48;35.67;34.76;34.97;883800;32.57
34.81;35.67;34.77;35.48;963400;33.05
35.79;35.79;34.32;34.63;1190400;32.25
34.53;34.66;33.59;33.65;1390200;31.34
33.52;34;33.39;33.43;1232000;31.14
33.46;34.99;33.46;34.88;1149300;32.49
34.95;35.09;34.65;34.89;952700;32.5
35.19;35.45;34.6;34.81;709300;32.42
34.59;35.24;34.55;34.9;425900;32.51
34.71;35.06;34.43;34.52;771700;32.15
34.52;35.08;34.17;34.19;1023000;31.84
34.43;34.8;34.05;34.05;1229400;31.71
33.89;34.92;33.88;34.22;1141600;31.87
34.84;35.24;34.18;34.44;1236200;32.08
34.5;34.99;34.23;34.61;1203300;32.24
34.49;34.6;33.51;33.57;1805700;31.27
33.61;33.61;32.86;33.21;1499200;30.93
33.02;33.03;32.34;32.49;1657300;30.26
32.24;33.38;32.1;33.13;1298800;30.86
33.04;33.2;32.33;32.38;1211800;30.16
32.68;32.69;31.53;32.35;1806500;30.13
32.35;32.58;31.86;31.88;1514600;29.69
31.95;31.99;30.93;31.01;1446200;28.88
31;31.57;30.63;31.5;1645600;29.34
31.32;31.62;29.4;29.56;3752600;27.53
29.36;29.57;26.91;28.93;5350300;26.94
28.71;29.8;28.51;29.17;2938100;27.17
29.31;30.32;29.31;29.96;2095100;27.9
30;30.3;28.6;29.08;1376000;27.08
29.21;29.71;29.08;29.65;920900;27.62
29.54;29.54;27.95;28.6;1766300;26.64
28.86;28.86;27.32;27.55;1866700;25.66
27.37;27.43;25.51;26.07;3963000;24.28
26.48;26.64;26.2;26.44;1739200;24.63
26.8;26.84;26.29;26.6;2382800;24.77
26.78;28.74;26.64;28.37;2827100;26.42
28.83;29;28.21;29;1714000;27.01
28.68;29.14;27.84;29.05;1669100;27.06
28.63;29.18;28.4;28.73;896600;26.76
29.07;29.32;28.8;29.26;1111900;27.25
29.32;29.48;28.9;29.48;998900;27.46
29.55;29.69;28.91;29.19;1555200;27.19
29.05;29.1;27.83;27.87;1443600;25.96
28.11;28.13;27.5;27.64;1498300;25.74
28.33;28.94;28.12;28.53;1471800;26.57
28.91;29.34;28.61;28.91;1387100;26.93
29;29.04;28.02;28.33;1419000;26.39
28.33;28.33;28.33;28.33;0;26.39
28.23;28.96;27.96;28.8;1528700;26.82
28.91;29.39;28.58;28.69;1002700;26.72
29.1;29.25;28.44;28.71;1163000;26.74
28.7;29.91;28.56;29.79;1757300;27.75
29.66;29.68;29.09;29.21;772900;27.21
29.07;29.62;28.85;29.25;896200;27.24
29.24;29.26;28.8;28.93;1328800;26.94
28.75;29.21;28.53;28.77;1107400;26.8
29.03;29.1;28.67;29.02;808100;27.03
28.86;29.55;28.84;29.09;1051900;27.09
29.22;29.64;28.87;29.4;1192300;27.38
29.33;29.74;29.15;29.44;1005600;27.42
29.93;30.26;29.49;29.75;1585600;27.71
29.75;29.75;29.75;29.75;0;27.71
29.15;29.23;28.78;28.97;1651700;26.98
29.1;29.5;28.35;28.52;1964500;26.56
28.34;29.11;28.34;28.59;1529300;26.63
28.65;29.46;28.56;29.45;2357900;27.43
28.66;29.45;28.5;29.33;1594600;27.87
29.2;29.41;28.72;28.87;1080200;27.43
28.73;29.77;28.52;29.66;1568100;28.18
29.69;31.33;29.46;30.11;2094000;28.61
30.31;30.66;30.1;30.37;1038000;28.85
30.3;30.3;29.64;29.9;779700;28.41
29.8;30.51;29.55;30.42;726600;28.9
30.45;30.5;29.92;30.1;970700;28.6
30;30.7;29.95;30.55;995600;29.03
30.2;30.4;30.01;30.09;509000;28.59
29.98;30.38;29.79;29.98;667900;28.48
30.11;30.11;29.65;29.97;502300;28.47
29.96;30.18;29.56;30.01;767900;28.51
29.9;30.35;29.74;30.02;607500;28.52
30;30.31;29.91;29.92;636200;28.43
30.07;30.11;29.64;29.64;965800;28.16
30.17;30.37;29.96;30.09;518700;28.59
30.1;30.37;29.93;30.12;725400;28.62
30.25;30.93;30.03;30.49;1012500;28.97
30.6;31.2;30.5;30.94;994700;29.4
30.82;30.98;30.3;30.39;981900;28.87
30.37;30.73;30.1;30.53;644100;29.01
30.42;31.25;30.42;30.97;815800;29.42
31.05;31.36;30.68;30.79;688300;29.25
30.7;30.92;30.49;30.65;620900;29.12
30.52;31.33;30.47;31.2;763300;29.64
30.93;31.16;30.63;30.93;651100;29.39
31.06;31.23;30.82;31.05;524600;29.5
31.2;32.08;31.15;31.97;1221900;30.37
31.94;32.17;31.55;31.94;767200;30.35
32.15;32.21;31.8;31.8;1802700;30.21
31.72;32.15;31.61;31.96;740000;30.37
31.98;32.45;31.81;32.19;1019600;30.58
31.9;32.02;31.48;31.69;1004900;30.11
31.71;31.87;31.5;31.7;683700;30.12
31.81;31.81;31.17;31.52;743700;29.95
31.62;31.93;31.17;31.87;928900;30.28
31.84;32.15;31.55;31.89;797700;30.3
32.08;32.5;31.83;32.22;790400;30.61
32.21;32.86;32.05;32.51;1015700;30.89
32.63;32.75;32.04;32.6;572100;30.97
32.56;32.9;32.21;32.79;799200;31.15
32.69;33.09;32.03;32.27;1200300;30.66
32.27;32.81;32.26;32.6;646100;30.97
32.53;32.65;32.06;32.23;885500;30.62
31.99;32.36;31.76;31.87;964200;30.28
31.72;32.02;31.38;31.82;730100;30.23
31.68;31.73;31.2;31.36;1214300;29.8
31.36;31.84;31.36;31.43;812000;29.86
31.45;31.75;31.37;31.51;1071800;29.94
31.51;32;31.51;31.68;672100;30.1
31.5;32.11;31.5;31.71;662200;30.13
31.75;31.83;31.42;31.45;681600;29.88
31.39;31.8;31.11;31.79;742000;30.2
31.75;31.75;31.17;31.51;858600;29.94
31.65;32.25;31.38;32.19;1162900;30.58
32.47;32.65;32.07;32.4;1091500;30.78
32.29;32.53;31.77;31.88;1043200;30.29
32;32.19;31.5;32.1;1016500;30.5
32.29;32.49;31.94;32.19;949900;30.58
32.32;32.43;32.12;32.22;920800;30.61
32.4;33.09;32.22;32.79;1051300;31.15
32.57;32.86;31.44;31.61;1859300;30.03
31.61;32.08;31.3;31.33;1103900;29.77
31.37;31.44;30.32;30.47;1489000;28.95
30.45;31.49;30;31.08;1516400;29.53
31.11;31.24;30.93;31.08;710400;29.53
31.2;31.21;30.77;30.8;834900;29.26
30.75;31.01;30.35;30.94;841200;29.4
30.5;30.75;30.15;30.23;1162200;28.72
30.08;30.21;29.83;30.03;938100;28.53
29.77;30.27;29.55;30.19;939500;28.68
30.31;30.32;29.81;30.09;572300;28.59
29.9;30.43;29.73;30.41;730500;28.89
30.61;30.63;30.3;30.54;903100;29.02
30.62;30.67;30.06;30.57;1221600;29.04
30.69;30.69;30.29;30.39;992400;28.87
30.26;30.66;30.21;30.56;855400;29.03
30.65;31.11;30.37;30.93;861600;29.39
30.86;31;30.71;30.8;813100;29.26
30.73;31.16;30.7;30.77;664500;29.23
30.69;31.48;30.69;31.34;958700;29.78
31.5;32.05;30.48;30.58;1373700;29.05
30.7;30.8;30.44;30.5;930200;28.98
30.38;30.58;30.24;30.31;740200;28.8
30.3;30.51;30.13;30.45;721100;28.93
30.54;31.46;30.54;31.4;1119700;29.83
31.54;31.67;31.04;31.21;594100;29.65
31.13;31.79;31.03;31.65;1056500;30.07
31.56;31.8;31.43;31.65;968100;30.07
31.65;31.91;31.58;31.82;677000;30.23
31.75;32.07;31.59;31.98;605400;30.38
31.9;32.03;31.68;31.8;998400;30.21
31.85;32.83;31.48;32.66;1628100;31.03
33;34.2;33;33.81;2292600;32.12
33.81;34.4;33.63;33.84;2138800;32.15
33.67;33.93;33.4;33.84;716200;32.15
33.86;34.34;33.86;34.2;868500;32.49
33.84;34;33.66;33.88;1393600;32.19
33.9;34.01;33.51;33.62;892100;31.94
33.9;34.17;33.64;34.09;1243000;32.39
33.61;34.37;33.61;34.1;838600;32.4
34.08;34.08;33.62;33.91;896700;32.22
33.97;34.3;33.82;34.03;924300;32.33
34.22;34.46;33.68;33.69;731200;32.01
33.44;33.69;33.16;33.39;681100;31.72
33.35;33.91;33.2;33.81;505100;32.12
33.63;33.8;33.32;33.66;812100;31.98
33.6;34.12;33.54;33.83;663000;32.14
33.84;34;33.53;33.93;588000;32.24
33.65;33.92;33.33;33.51;696100;31.84
33.5;33.7;33.32;33.61;933000;31.93
33.58;33.6;33.12;33.24;752300;31.58
33.41;33.57;33.23;33.36;871700;31.7
33.32;33.62;33.32;33.5;868300;31.83
33.51;33.76;33.37;33.45;723300;31.78
33.53;33.65;33.36;33.48;480300;31.81
33.6;33.6;33.11;33.24;422300;31.58
33.17;33.49;33.06;33.1;605900;31.45
33.02;33.17;32.64;32.94;906700;31.3
32.99;33.05;32.27;32.28;669700;30.67
32.49;32.7;31.64;31.86;719600;30.27
31.94;32.72;31.83;32.6;1103200;30.97
32.69;32.91;32.34;32.82;1127800;31.18
32.6;33.29;32.56;33.29;1091400;31.63
33.65;33.69;32.88;32.95;946700;31.31
32.83;32.85;32.46;32.75;586500;31.12
33;34.7;32.91;34.24;1784400;32.53
34.09;34.82;33.9;34.81;1735900;33.07
34.32;35.3;34.26;35.14;1246800;33.39
34.81;35.2;34.51;34.93;967200;33.19
34.71;35.12;34.69;34.9;921600;33.16
34.86;35.74;34.86;35.67;768900;33.89
35.6;35.79;35.17;35.36;572200;33.6
35.01;35.47;35;35.22;649900;33.46
35.35;36.15;35.19;35.96;959600;34.17
36;36.12;35.51;35.89;651200;34.1
35.76;35.98;35.71;35.82;402100;34.03
35.89;36.05;35.76;35.78;599000;33.99
35.77;35.99;35.63;35.71;678000;33.93
35.74;35.94;35.55;35.77;607000;33.98
35.88;35.97;35.71;35.78;549700;33.99
35.54;36.04;35.5;35.88;618900;34.09
35.89;36.22;35.85;36.02;769100;34.22
35.92;36.08;35.56;35.65;627700;33.87
35.42;35.89;35.26;35.82;633100;34.03
35.73;35.79;35.41;35.41;401500;33.64
35.65;36.01;35.53;35.9;894000;34.11
35.94;36.32;35.89;36.21;517800;34.4
36.38;36.7;36.01;36.53;851000;34.71
36.36;37.12;36.36;37.02;933800;35.17
36.81;37.04;36.63;36.9;451700;35.06
36.71;36.82;35.95;36.3;798000;34.49
36.15;36.84;36.03;36.31;575100;34.5
36.16;36.5;36.04;36.26;634600;34.45
36.16;36.88;36.15;36.43;595300;34.61
36.44;36.81;36.25;36.81;454200;34.97
36.87;37;36.57;36.95;719100;35.11
36.93;37.5;36.79;37.21;788500;35.35
37.01;37.34;37.01;37.26;595700;35.4
37.05;37.78;37.05;37.71;1627700;35.83
37.13;37.79;37.13;37.48;580900;35.61
37.49;37.73;37.24;37.41;601200;35.54
37.5;37.74;37.42;37.69;335300;35.81
37.5;37.74;37.42;37.69;335300;35.81
37.52;37.7;37.31;37.31;311200;35.45
37.25;37.75;37.22;37.32;245500;35.46
37.41;37.55;36.94;36.94;217300;35.1
37.41;37.55;36.94;36.94;217300;35.1
37.5;37.85;37.3;37.85;766700;35.96
37.72;37.75;36.61;36.68;1011100;34.85
36.9;37.1;36.56;36.6;778800;34.78
36.5;36.62;36.16;36.38;849300;34.56
36.44;36.53;35.94;36.12;638800;34.32
36.28;36.99;36.06;36.65;614400;34.83
36.58;36.83;36.4;36.5;556100;34.68
36.37;36.9;36.18;36.9;814600;35.06
36.87;37.44;36.7;37.29;706300;35.43
37.48;37.92;36.85;36.93;1082900;35.09
36.91;37.01;36.69;37;354200;35.15
36.98;37.77;36.92;37.76;718000;35.88
37.75;38.38;37.33;37.51;1099400;35.64
37.47;37.92;37.17;37.25;649800;35.39
37.11;37.75;36.96;37.37;841900;35.51
37.21;37.22;36.55;36.64;823200;34.81
36.35;36.85;36.01;36.81;611700;34.97
36.49;36.69;36.19;36.54;765600;34.72
36.77;36.79;36.06;36.1;1203400;34.3
36.37;36.77;36.31;36.63;675600;34.81
36.61;36.76;36.37;36.69;480400;34.85
36.66;37.16;36.44;37.13;697100;35.28
37.09;37.24;36.69;36.99;700300;35.14
36.99;37.11;36.22;36.22;832000;34.42
36.15;36.53;35.58;36.12;1358300;34.31
36.44;36.65;36.01;36.38;796200;34.56
36.4;36.81;36.12;36.29;784700;34.48
36.38;36.56;36.17;36.47;745600;34.65
36.6;36.93;36.55;36.86;677300;35.02
37.12;37.43;36.67;36.94;701700;35.1
37.08;37.16;36.51;36.6;478500;34.78
36.78;36.82;36.37;36.73;506300;34.9
36.76;37;36.37;36.72;810400;34.89
36.7;37.35;36.7;37.28;591500;35.42
37.22;37.44;36.92;37.28;963000;35.41
37.42;37.65;37.22;37.52;665100;35.65
37.57;37.71;36.84;37.1;585000;35.25
37.73;38.85;37.26;38.68;1445500;36.75
38.51;38.8;38.02;38.03;1100800;36.14
38.37;38.55;37.97;38.35;973900;36.44
38.76;39.92;38.75;39.79;1436100;37.81
39.65;40.36;39.65;40.19;1181700;38.18
40.22;40.27;39.81;39.96;744400;37.97
39.6;40.19;39.43;39.97;1006500;37.98
40.1;40.32;39.7;39.7;959400;37.72
39.75;39.93;39.51;39.6;1038300;37.62
39.7;40.01;39.6;39.88;602800;37.89
39.8;39.94;39.54;39.69;737100;37.71
39.67;40.06;39.67;39.72;825300;37.74
39.85;39.85;39.49;39.71;718000;37.73
39.75;40.32;39.75;40.17;723100;38.17
40.32;40.38;39.98;40.11;669400;38.11
40.12;40.27;39.83;40.04;584700;38.05
39.99;40.3;39.96;40.15;516500;38.15
40.22;40.32;39.97;40.08;1573000;38.08
40.19;41.37;40.01;41.37;1145200;39.31
41.3;41.3;40.53;40.64;1133400;38.61
40.77;41.29;40.6;41.16;744100;39.11
41.16;41.53;41.02;41.45;682300;39.38
41.49;41.49;41.1;41.29;522700;39.23
41.45;41.54;41.02;41.45;813200;39.38
41.45;41.62;41.19;41.19;600800;39.13
41.26;41.78;40.88;41.78;934500;39.69
41.8;42;41.52;41.6;663900;39.53
41.6;41.72;40.6;41.23;696600;39.17
41.21;41.49;41.11;41.26;613500;39.21
41.2;41.65;41.19;41.4;684600;39.33
41.72;41.72;41.36;41.41;514300;39.34
41.62;41.62;40.97;41.04;698600;39
41;42.1;40.99;41.57;867100;39.5
41.72;41.87;41.42;41.46;549900;39.39
41.25;41.57;40.97;41.35;761400;39.29
41.24;41.99;41.12;41.53;1398200;39.46
41.56;41.72;41.25;41.62;532300;39.55
41.47;42.1;41.21;42.01;748500;39.91
42.03;42.05;41.83;41.95;720000;39.86
42.01;42.17;41.65;41.85;1175300;39.77
42.06;42.38;41.94;42.04;762600;39.94
42.13;42.28;41.86;41.97;627000;39.88
41.89;42.08;41.61;41.61;881100;39.53
41.6;41.85;41.17;41.2;1306400;39.14
41.46;41.67;40.9;41;1172200;38.95
40.8;41.33;40.62;40.72;1070300;38.69
40.75;41.37;40.72;41.09;671700;39.04
41.1;41.58;40.6;40.94;935200;38.89
41.08;41.19;39.62;39.75;1505900;37.77
39.71;40.3;39.55;40.06;1174800;38.06
39.26;39.71;38.55;38.86;2193900;36.92
38.6;39.23;37.53;38.95;2320100;37.01
38.7;38.7;38.17;38.53;1586100;36.61
38.1;39.01;37.94;38.86;1709300;37.51
39.44;40.24;39.33;40.04;1134600;38.65
40.12;40.38;39.55;39.72;1082200;38.34
39.49;40.21;39.28;39.63;795500;38.26
40.01;40.22;39.64;39.92;642600;38.54
40;40.28;39.36;39.62;961100;38.25
39.9;39.96;39.38;39.51;1313200;38.14
39.22;39.22;38.01;38.21;2058800;36.88
38.26;38.96;38.01;38.8;747600;37.46
38.38;39.22;38.22;38.89;1619100;37.54
39.04;39.48;38.57;39.33;1336000;37.97
39.29;40.15;39.22;40.13;1005700;38.74
40.21;40.88;40.17;40.65;945900;39.25
40.62;41.12;40.44;41.12;491400;39.69
41.14;41.5;40.61;41.5;850500;40.06
41.35;41.9;41.01;41.76;894900;40.31
42.19;42.98;42.13;42.94;756300;41.45
42.9;43.29;42.63;42.96;924900;41.47
42.78;43.05;42.56;43.03;757900;41.54
43.05;43.12;42.66;43.12;785700;41.63
43.24;44.2;43.07;44.2;1064300;42.67
44.1;44.66;44.1;44.56;938100;43.02
44.44;44.56;43.71;44.06;978300;42.54
44.12;44.24;43.45;43.63;823900;42.12
43.51;44.37;43.51;44.32;589100;42.79
44.14;44.43;43.59;44.39;964000;42.85
44.58;44.88;44.42;44.6;704000;43.06
44.73;44.83;44.05;44.17;1608500;42.64
44.69;44.69;43.85;43.97;805400;42.44
43.71;44.33;43.71;44.15;652500;42.62
44.12;44.25;43.58;43.58;660500;42.07
43.62;43.94;43.36;43.88;564800;42.37
44;44.28;43.7;44.1;694000;42.57
44.06;44.72;43.87;44.71;479200;43.16
44.08;44.67;44.08;44.28;777700;42.75
44.29;44.42;43.88;44.33;692100;42.79
43.65;44.35;43.58;43.85;797200;42.33
44.01;44.01;42.85;42.95;1068300;41.46
42.88;43.17;42.37;42.42;633700;40.96
42.31;42.92;42.2;42.84;943000;41.36
42.56;42.77;42.33;42.53;677600;41.06
42.78;43.09;42.17;42.28;999900;40.82
42.73;42.73;42.1;42.22;797700;40.76
42.59;42.85;42.46;42.62;567200;41.14
42.72;42.94;42.42;42.7;751600;41.22
42.76;43.13;42.61;43.06;783100;41.57
42.99;43.3;42.65;42.72;694700;41.24
42.9;42.97;42.12;42.31;853400;40.85
42.15;42.43;42.13;42.31;464800;40.85
42.26;42.28;41.4;41.56;718100;40.12
41.49;41.72;40.87;41.3;1242900;39.87
40.97;41.6;40.81;41.41;829200;39.98
41.38;41.38;41.03;41.12;912900;39.7
41.17;41.28;40.81;41.15;635200;39.73
42.17;43.23;42.17;43.15;1521100;41.66
43.41;43.59;42.75;43.12;862300;41.63
43.13;43.59;42.2;42.2;777800;40.74
42.03;42.3;41.57;42.1;879800;40.65
42.22;42.29;41.85;42.12;851000;40.66
41.88;42.47;41.54;42.42;784000;40.95
42.3;43.34;42;43.28;1125700;41.78
43.28;43.44;42.79;42.96;663300;41.47
43.13;43.24;42.51;43;894400;41.51
42.99;43.24;42.68;43.08;760100;41.59
42.9;43;42.44;42.91;596000;41.42
42.53;43.04;42.53;42.78;714600;41.3
42.71;43.53;42.65;43.4;889200;41.89
43.5;43.9;42.74;43.74;861500;42.23
43.69;44.46;43.45;44.33;796300;42.8
44.25;44.89;44.05;44.78;598900;43.22
44.58;45.13;44.15;44.88;688400;43.33
44.88;45;44.35;44.57;755600;43.03
44.44;44.87;44.15;44.42;837900;42.88
44.4;44.75;44.37;44.64;447300;43.09
44.42;44.92;44.4;44.8;720400;43.25
44.8;45.71;44.71;45.4;1130100;43.83
45.38;45.88;44.72;44.88;834000;43.33
44.65;45.1;44.44;44.74;744800;43.19
44.7;45.09;44.58;44.87;466900;43.31
44.35;44.82;44.27;44.68;917900;43.13
44.77;45.5;44.5;44.96;945200;43.4
44.84;45.01;43.99;44.04;1092700;42.52
44.12;44.12;43.04;43.53;1531600;42.02
43.56;44.24;43.46;44.12;653200;42.59
44.12;44.22;43.88;44.17;628500;42.64
44;44.57;43.89;44.51;625400;42.96
44.53;44.53;43.85;44.1;756800;42.57
44.24;44.47;43.99;44.16;477700;42.63
44.29;44.51;44;44.37;709900;42.83
44.37;44.47;44;44.29;509100;42.76
44.01;44.19;43.63;44;919600;42.48
43.89;44.33;43.76;43.99;552600;42.47
44.27;44.28;43.54;43.83;1397000;42.31
43.62;44.08;43.62;44.05;645700;42.53
43.83;44.5;43.82;44.47;706600;42.93
44.54;44.63;43.96;44.19;764000;42.67
44.4;44.4;43.6;44.16;582000;42.63
43.88;44.75;43.88;44.51;575300;42.97
44.38;44.7;44.21;44.55;519800;43.01
44.6;45.48;44.38;45.47;1016400;43.9
45.5;45.9;45.31;45.51;772100;43.93
45.19;45.68;45.15;45.31;847300;43.74
45.19;46;45.1;45.79;786200;44.2
45.69;45.76;45.19;45.33;492000;43.76
45.3;45.55;44.75;44.96;852900;43.4
45.03;45.12;44.07;44.35;1311300;42.82
44.15;44.51;43.98;44.47;745200;42.93
44.67;45.14;44.45;45.13;928900;43.57
45.13;45.34;44.76;44.97;327200;43.42
44.2;45.2;44.03;45.1;477700;43.54
45.25;45.65;45.11;45.15;671300;43.59
45.44;45.65;45.28;45.38;732000;43.81
45.92;45.93;45.22;45.45;696200;43.88
45.29;45.99;45.29;45.54;402000;43.97
45.77;45.77;45.2;45.48;515600;43.91
45.51;45.76;44.81;45.08;730000;43.52
44.76;45.08;44.46;44.83;897900;43.28
45.04;45.43;44.9;45.29;689500;43.72
45.46;45.46;44.96;45.1;523500;43.54
45.24;45.54;45.09;45.35;672300;43.78
45.33;45.96;45.24;45.51;849700;43.93
45.7;46;45.33;45.68;587300;44.1
45.38;46.09;45.38;45.77;779300;44.19
46.31;46.42;45.42;45.65;508800;44.07
45.64;45.92;45.21;45.27;675600;43.7
45.41;45.65;44.9;44.96;631900;43.4
44.77;45.01;43.45;43.82;2299900;42.3
43.99;44.38;43.69;43.74;1235600;42.22
43.35;44.24;42.99;43.99;867400;42.47
44.09;44.21;43.66;43.74;939500;42.23
43.76;44.82;43.73;44.79;1208800;43.24
44.76;44.98;44.4;44.51;847100;42.97
44.4;44.92;44.4;44.56;874500;43.02
44.58;44.67;44.13;44.45;603100;42.91
44.3;44.52;44.06;44.2;638400;42.67
44.31;44.5;43.77;43.8;908500;42.28
44.1;44.41;43.93;44.41;765700;42.87
44.33;44.38;43.79;44.14;1080400;42.61
44.22;44.22;43.24;43.45;798000;41.95
43.41;43.72;43.26;43.33;664000;41.83
43.4;44.09;43.26;43.94;733100;42.42
44.01;44.49;43.93;44.33;658500;42.8
44.28;44.9;44.15;44.9;552200;43.35
44.56;44.83;44.11;44.13;786600;42.6
44.11;44.83;44.11;44.47;886600;42.93
44.53;45.44;44.48;45.38;998700;43.8
45.38;45.78;44.87;45.78;1090300;44.2
45.57;45.69;44.82;45.12;807900;43.55
45.08;45.15;44.74;44.85;453600;43.29
44.82;45;43.85;44.42;935900;42.88
44.5;44.97;44.19;44.52;582000;42.98
44.4;44.74;44.08;44.38;549500;42.84
44.38;44.67;44.26;44.33;391000;42.79
44.47;44.49;43.91;44.12;640500;42.59
44;44.53;43.99;44.3;591500;42.77
44.33;44.42;43.85;43.9;706200;42.38
44.26;44.26;43.56;43.56;807200;42.05
43.72;43.72;42.74;43.06;1716500;41.57
43.25;43.25;42.53;43.01;967200;41.52
43.24;43.45;43.03;43.39;553300;41.89
43.41;43.44;42.94;43.28;582300;41.79
43.39;43.6;43.26;43.51;424300;42
43.64;44.15;43.34;43.56;261300;42.06
43.51;43.81;43.32;43.65;239900;42.14
43.63;43.7;43.37;43.45;256800;41.95
43.62;43.71;43.17;43.23;300300;41.73
43.19;43.87;42.8;43.03;640900;41.55
43.05;43.29;42.67;42.85;825600;41.37
42.79;43.08;42.41;42.58;639600;41.1
42.58;43.53;42.47;43.51;904100;42
43.6;43.74;43.21;43.44;561500;41.94
43.28;43.51;43;43.12;580200;41.63
43.1;43.31;42.6;42.86;864800;41.38
42.81;43.56;42.7;43.26;705700;41.76
43.3;43.42;42.91;43.01;633100;41.52
42.71;43.07;42.5;42.81;671700;41.33
42.72;42.98;42.33;42.47;546400;41
42.26;42.58;42.02;42.04;801000;40.59
42;42.08;41.47;41.9;993000;40.45
41.6;42.19;41.59;41.9;1185700;40.45
41.65;41.92;40.97;41.12;1831600;39.7
41.04;41.35;40.96;41.1;579300;39.68
41;42.08;40.83;42.08;1301500;40.63
42.08;42.26;41.62;42.06;741400;40.6
41.9;42.35;41.54;42.35;804500;40.88
41.85;43.08;41.85;42.8;1634000;41.32
42.97;42.99;42.51;42.74;599800;41.26
43.3;43.43;42.56;43.43;916000;41.93
43.43;43.95;43.19;43.9;838500;42.38
43.82;44.53;43.82;44.38;989100;42.84
44.38;44.65;44.06;44.65;792800;43.1
44.48;44.95;44.32;44.78;755800;43.23
44.89;45.08;44.61;44.9;1049800;43.35
44.9;45.54;44.9;45.54;742400;43.96
45.62;46.78;45.4;46.25;1253400;44.65
46.06;46.28;45.6;45.9;1159000;44.31
45.83;46.78;45.82;46.78;654200;45.17
46.81;48.21;46.56;47.78;1416600;46.12
47.76;48.03;47.35;47.48;953700;45.84
47.5;48.06;47.08;47.66;947800;46.01
47.42;47.5;46.73;47.22;1007900;45.59
46.74;47.52;46.85;47.02;592400;45.39
47.49;47.57;46.6;47.47;1035900;45.83
47;48.88;46.64;47.15;1230000;45.52
46.85;47.9;46.81;47.31;699400;45.67
47.3;47.7;46.87;47.7;852800;46.05
47.88;48.07;47.42;47.97;684100;46.31
48.21;48.32;47.82;48.32;729400;46.65
48.08;48.67;47.78;48.67;772500;46.98
48.73;49.41;48.49;48.72;865400;47.03
48.8;49.58;48.54;49.46;711500;47.75
49.26;49.7;49.17;49.17;666100;47.47
49.37;49.67;48.38;48.83;898300;47.14
48.88;49.33;48.54;49.28;681500;47.57
49.08;49.35;48.56;48.84;706200;47.15
48.51;48.85;48.31;48.46;536000;46.78
48.17;48.76;47.62;48.24;825200;46.57
47.62;47.82;46.12;46.45;1545200;44.84
46.4;47.76;46.3;46.5;1263700;44.89
46.67;46.83;46.04;46.23;972500;44.63
46.01;46.78;45.51;45.67;1786500;44.08
45.3;46.17;45.29;45.82;729300;44.23
45.63;46.65;45.63;46.51;702300;44.9
46.55;47.99;46.52;46.9;3123300;45.28
46.49;47.9;46.47;47.65;1347400;46
47.63;47.94;47.32;47.79;514500;46.14
47.65;48;47.51;47.57;470800;45.92
47.51;47.76;47.12;47.4;428300;45.76
47.8;48.02;47.51;47.72;676100;46.07
47.72;47.85;47.24;47.39;631800;45.75
47.75;48.24;47.42;48.22;501800;46.56
48.55;49.56;48.44;48.79;936400;47.1
48.76;49.37;48.31;49.2;837500;47.5
49.47;49.72;49.06;49.06;596000;47.36
49.04;49.52;48.97;49.46;657500;47.75
49.4;49.58;49.06;49.4;519200;47.69
49.35;50.04;49.26;49.5;507300;47.79
49.06;49.38;48.33;48.81;787800;47.12
49.12;50.06;48.95;50;1269000;48.27
49.76;50.07;49.76;49.89;625400;48.16
49.88;50.84;49.88;50.75;1064800;48.99
50.99;51.18;50.57;50.68;619400;48.93
50.73;51.23;50.52;50.9;636700;49.14
51.22;51.67;51.22;51.37;763900;49.59
51.6;51.66;51.15;51.28;492800;49.5
51.36;52.53;50.76;51.55;605900;49.77
50.9;51.66;50.78;51.62;556600;49.83
51.5;52.59;51.42;52.43;911100;50.61
52.3;53.26;52.07;53.06;682100;51.22
52.57;52.76;51.8;52.5;812500;50.68
52.81;53.01;51.24;51.39;1218400;49.61
51.35;52.24;50.24;50.36;1395300;48.62
50.26;50.74;49.96;50.18;935200;48.44
50.26;51.6;50.26;51.32;978800;49.54
50.98;51.54;50.78;51.13;566000;49.36
51.17;51.29;50.74;50.83;768300;49.07
51;51.39;50.51;50.65;819500;48.9
50.41;50.65;49.69;50.38;1054900;48.64
49.86;51;49.82;50.44;991700;49.16
50.15;50.31;49.45;50.22;617600;48.95
50.11;50.11;49.01;49.05;773200;47.81
49.4;49.88;49.26;49.75;862700;48.49
49.94;50.61;49.94;50.32;641300;49.04
50.5;50.64;50.09;50.37;792100;49.09
49.56;50.02;49.34;49.42;574200;48.17
49.3;50.03;49.08;49.94;653600;48.67
49.35;49.94;49.19;49.35;646300;48.1
49.15;49.65;49.03;49.33;593000;48.08
49.5;49.78;49.17;49.52;531900;48.26
49.74;50.16;49.42;49.58;218500;48.32
50.05;50.34;49.58;50.34;745600;49.06
50.32;51;50.19;50.22;659400;48.95
49.97;50.26;49.31;49.31;346800;48.05
49.25;49.72;49.16;49.4;497100;48.15
49.34;50.23;49.15;49.76;442100;48.5
49.62;50.03;49.42;49.74;571100;48.48
49.42;49.92;49.42;49.81;681100;48.55
50.53;50.96;50.42;50.78;700900;49.49
50.75;50.84;50;50;617200;48.73
50;50.81;50;50.44;473500;49.16
50.64;51.4;50.57;50.85;537600;49.56
50.8;51.47;50.6;51.38;675600;50.08
51.11;51.47;50.68;50.74;1118400;49.45
50.78;51.1;50.14;50.46;1439000;49.18
49.97;50.58;49.8;50.56;481800;49.28
50.73;50.89;50.28;50.84;638300;49.55
50.91;51.15;50.24;50.47;413800;49.19
50.61;51.11;50.39;50.44;480700;49.16
50.49;50.86;49.66;50.55;1038600;49.27
50.31;51.08;50.23;51.08;535100;49.78
51.12;51.12;50.33;50.94;683800;49.65
51.14;51.5;50.89;51.05;659200;49.76
51.07;51.67;51.05;51.55;474900;50.24
51.32;51.89;51.32;51.89;435100;50.57
51.9;51.99;51.33;51.51;326500;50.2
51.36;51.82;51.27;51.54;507100;50.23
51.72;51.95;51.54;51.9;338700;50.58
51.99;52.17;51.65;51.9;347200;50.58
52.15;52.47;52.01;52.28;459600;50.95
52.23;52.65;51.92;52.09;656300;50.77
51.87;52.12;50.83;51.78;907400;50.47
51.89;52.55;51.4;52.49;697300;51.16
52.29;52.83;52.06;52.18;394300;50.86
52.15;53.8;51.85;53.76;902100;52.4
53.76;54.75;53.38;54.36;806900;52.98
54.87;55.77;54.37;54.47;998800;53.09
54.78;54.97;54.09;54.56;531800;53.18
54.89;55.08;53.94;54.25;644000;52.87
54.65;55;53.5;53.99;555200;52.62
53.8;54.56;53.66;54.55;485300;53.17
54.68;55.37;54.43;55.13;595800;53.73
54.89;55.31;54.39;54.44;535800;53.06
54.6;54.67;54.13;54.54;572400;53.16
54;54.11;53.43;53.43;706600;52.07
54.05;54.58;52.74;52.74;892700;51.4
52.38;52.79;51.42;51.64;901000;50.33
51.11;51.76;50.26;51.02;1009600;49.73
50.35;51.98;49.81;49.88;1176000;48.62
46.9;49.74;46.02;48.6;2000700;47.37
47.97;48.45;46.24;46.24;1665000;45.06
45.69;46.29;42.56;46.04;2366200;44.88
46.78;48.6;46.04;46.26;2049100;45.09
47.11;47.55;45.8;47;1705000;45.81
46.99;48.22;46.3;48.12;1149100;46.9
48.67;49.26;48.41;48.43;905300;47.2
47.99;48.65;47.12;48.6;777000;47.37
48.42;48.92;48.23;48.38;655400;47.15
47.97;48.68;46.38;47.02;1122700;45.83
46.78;47.17;45.26;46.42;1262500;45.25
46.35;48;46.21;47.13;815400;45.93
47.42;48.35;47.25;47.88;866800;46.66
47.98;48.01;46.81;46.85;1319000;45.66
47;47.47;44.62;45.41;1758100;44.26
45.39;46.42;44.75;46.18;1041500;45.01
46.87;46.9;45.92;46.26;497900;45.09
46.31;46.66;45.57;45.87;734700;44.7
46.21;47.47;45.85;47.37;1833600;46.17
47.37;47.92;46.69;47.68;989200;46.47
47.04;48;46.87;47.94;930400;46.72
46.9;47.31;46.19;46.6;890100;45.42
46.69;48.23;46.6;48.13;1254900;46.91
48.53;49.79;48.19;49.69;1183300;48.43
49.8;49.8;48.77;49.42;792900;48.17
48.97;49.75;48.48;48.5;735600;47.27
47.6;48.53;47.44;48.4;974600;47.18
48.72;49.22;47.77;48.43;932900;47.2
48.18;49.71;47.92;49.6;1036800;48.34
50;50.38;49.11;50.08;1121500;48.81
50.2;51.55;49.48;51.55;2659600;50.24
50.93;51.29;49.98;50.76;804900;49.47
50.59;52.28;50.29;52.03;777900;50.71
51.9;51.9;50.85;51.27;657200;49.97
50.61;51.56;49.17;49.49;1225100;48.23
49.8;50.52;48.81;50.5;1062800;49.22
49.96;52.39;49.74;52.1;1471000;50.78
52.58;52.99;50.78;50.98;1507100;49.69
50.9;52.3;50.89;51.32;1113800;50.02
51.43;52;49.94;50.26;1225000;48.99
50.28;51.02;49.78;51.02;1251700;49.73
50.07;50.5;49.47;49.94;596500;48.67
49.4;50.08;49.06;49.29;802700;48.04
49.81;49.88;48.75;49.26;832100;48.01
49.37;49.46;47.88;48.85;1222100;47.62
48.96;49.39;48.46;48.66;763600;47.43
49.33;49.46;48.44;49.4;757600;48.15
49.47;50.42;49.21;50.42;939900;49.14
50.33;50.59;49.35;49.8;847400;48.54
49.64;50.37;49.46;50.18;841000;48.91
50.15;51.21;50.12;51.2;663700;49.9
51.4;51.4;50;50.2;699800;48.93
49.95;51.5;49.74;51.25;862400;49.95
51.14;51.44;50.7;51.15;423200;49.85
50.78;51.62;50.4;50.72;567900;49.43
50.8;52.07;50.23;52.07;904100;50.75
52.23;52.4;51.44;51.71;380000;50.4
51.51;52.55;51.06;52.21;691400;50.89
52.25;52.7;51.89;52.39;562700;51.06
53.01;53.1;51.01;51.13;1069700;49.83
51.34;53.55;51.25;53.54;970600;52.18
53.42;53.61;52.77;52.77;698900;51.43
51.8;52.41;49.78;50.4;1158800;49.12
49.25;50.69;48.76;50.49;1382600;49.21
50.35;51.3;49.67;50.92;1062800;49.63
50.87;52.05;50.35;51.14;869900;49.84
50.61;51.19;50.13;50.55;472800;49.27
50.48;51.76;50.48;50.56;569600;49.28
50.65;50.82;49.51;50.44;751100;49.16
49.86;50.66;49.45;50.41;622200;49.13
50.24;51.08;50.23;50.89;466000;49.6
51.06;51.41;50.43;50.6;503200;49.32
50.5;51.9;49.82;51.48;588100;50.17
51.34;52.38;50.75;51.52;622000;50.21
51.18;51.88;50.66;51.17;619900;49.87
50.96;51.45;50.45;50.45;537100;49.17
50.37;50.37;49.12;49.48;830500;48.23
49.54;50.03;49.26;49.44;505800;48.19
49.18;49.7;48.67;49.42;771000;48.17
49.6;49.67;48.39;48.5;543000;47.27
48.51;49.26;48.1;49.24;479700;47.99
49.3;49.82;48.57;49.53;811900;48.27
49.32;50.03;49.07;49.62;658300;48.36
49.32;50.99;49.2;50.84;1047000;49.55
50.68;51.76;50.68;51.33;662700;50.03
51.85;51.9;50.5;51.2;856700;49.9
51.45;51.5;50.75;50.96;452100;49.67
50.25;50.43;49.6;49.63;1156200;48.37
49.65;50;49.46;49.86;760900;48.6
50.15;50.75;50.01;50.37;701400;49.09
50.03;50.32;49.65;50.32;586500;49.04
50.07;50.55;50;50;529700;48.73
50.03;50.77;49.97;50.53;644600;49.25
50.28;50.86;50.14;50.71;859400;49.42
50.94;51.35;50.68;50.99;654200;49.7
51.21;51.36;50.74;51.05;1582400;49.76
50.65;51.73;50.44;51.19;364500;49.89
50.38;51.5;50.02;51.5;786900;50.19
51.7;51.89;51.34;51.51;632900;50.2
51.43;51.85;51.25;51.61;367200;50.3
51.9;52.07;51.29;51.99;241600;50.67
51.99;51.99;51.99;51.99;0;50.67
51.87;52.5;51.8;51.95;214300;50.63
51.77;52.41;51.61;51.76;369800;50.45
52.01;52.49;51.8;52.24;303100;50.92
52.58;52.61;51.87;52.5;208700;51.17
52.74;53.35;52.3;53.26;496200;51.91
53.44;54.37;53.4;53.89;709900;52.52
53.83;54.49;53.58;54.42;612600;53.04
54.16;55.64;54.11;55.05;811900;53.65
54.71;55.01;54.48;54.92;583800;53.53
54.7;54.93;54.33;54.51;606400;53.13
55;55.8;54.74;54.94;816300;53.55
54.94;54.98;54.27;54.36;793100;52.98
54.1;54.32;53.63;53.72;878700;52.36
53.95;54.3;53.21;53.31;701100;51.96
53.19;53.52;52.96;53.22;430500;51.87
53.52;53.99;53.05;53.9;712800;52.53
54.03;54.32;53.52;54.32;730400;52.94
54.25;54.49;53.2;53.62;595100;52.26
53.6;54.35;53.5;53.69;836200;52.33
53.69;53.74;52.8;53.57;637900;52.21
53.33;54.29;53.3;54.06;540600;52.69
54.22;54.39;53.74;54.02;340900;52.65
54.12;54.54;53.78;54.54;471100;53.16
54.45;54.69;53.73;53.73;685300;52.37
53.5;54.53;53.42;54.3;552900;52.92
54.23;54.66;54.12;54.55;572600;53.17
54.62;54.8;54.13;54.17;609600;52.8
54.09;54.92;53.81;54.84;557000;53.45
54.88;55.52;54.47;54.98;612900;53.59
54.98;55.46;54.74;54.96;424300;53.57
54.92;55.07;54.47;54.92;422200;53.53
54.94;55.01;54.24;54.25;403300;52.87
54.46;54.72;53.83;54.2;572300;52.83
53.75;55.03;53.75;54.8;759700;53.41
54.97;55.14;54.57;55.07;398900;53.67
54.63;55.44;54.63;55.31;563300;53.91
55.69;57.03;55.67;57.03;717000;55.58
56.58;56.85;55.19;55.21;989700;53.81
55.72;56.16;53.93;54.3;1590400;52.92
54.4;54.55;53.39;53.8;958600;52.44
53.4;53.65;52.55;53.24;1445900;51.89
53.41;53.57;52.7;53.35;831000;52
53.5;53.54;52.53;53.06;837500;51.71
53.75;53.94;53.23;53.77;913800;52.41
53.58;53.86;53.06;53.6;723700;52.24
53.78;53.78;52.86;53.39;653800;52.04
53.42;53.87;52.51;52.58;920900;51.25
52.44;53.35;52.32;52.81;622800;51.47
52.7;52.75;52.27;52.6;584800;51.27
52.55;52.89;52.33;52.51;573500;51.18
52.42;52.67;51.77;51.77;832900;50.46
51.95;52.08;51.59;51.61;576600;50.3
51.63;52.16;51.14;52.03;897200;50.71
52.03;52.03;50.82;51.05;1204900;49.76
50.84;51.02;50.53;50.8;1073300;49.51
51.11;52.57;51.11;52.34;1319200;51.01
52.34;52.39;51.97;52.38;948700;51.05
52.35;52.36;51.29;51.51;854200;50.2
51.66;51.89;51.33;51.41;2389400;50.11
51.42;52.14;51.17;52.14;786800;50.82
51.88;52.12;51.6;51.75;442500;50.44
51.64;52.58;51.41;52.47;625900;51.14
52.23;52.49;51.8;51.94;629600;50.62
51.94;52.03;51.7;51.75;500800;50.44
51.64;52.72;51.64;52.64;467600;51.3
52.68;52.7;51.93;52.1;560000;50.78
52.18;53.53;52.17;52.87;1183800;51.53
52.8;53.32;52.69;53.1;894800;51.75
53.24;53.45;52.59;53.14;668800;51.79
53.3;54.67;53.21;54.67;814400;53.28
54.76;54.85;54.25;54.48;487200;53.1
54.21;54.4;52.83;52.83;767900;51.49
53.06;53.27;52.51;52.7;438300;51.36
52.7;52.7;52.7;52.7;0;51.36
52.7;52.7;52.7;52.7;0;51.36
52.25;53;52.2;52.2;743100;50.88
52.26;52.78;51.74;52.11;663800;50.79
51.91;53.03;51.76;52.86;638800;51.52
52.84;52.99;51.84;51.91;645700;50.59
51.66;52.59;51.66;52.43;443100;51.1
52.24;52.99;52.16;52.94;549700;51.6
52.98;53.24;52.78;53.02;490600;51.68
53.3;53.83;53.04;53.62;589300;52.26
53.89;54.43;53.18;53.54;793600;52.18
53.51;53.57;52.2;52.35;637600;51.02
52.68;52.88;52.27;52.55;562300;51.22
52.63;52.76;52;52.6;479200;51.27
52.1;52.8;52.07;52.76;1005600;51.42
52.71;53.09;52.46;52.67;477600;51.33
52.67;53.87;52.56;53.63;546300;52.27
53.63;53.63;53.63;53.63;0;52.27
54.53;54.53;52.73;53.24;684600;51.89
53;54.1;53;53.41;537300;52.06
53.6;54.11;53.26;53.31;481900;51.96
52.31;53.16;52.18;52.64;426400;51.3
52.64;53.46;52.46;53.05;462000;51.7
53.28;53.29;52.21;52.94;816900;51.6
52.88;53.31;52.36;53.12;641300;51.77
52.16;52.91;52.13;52.85;514500;52.01
52.59;52.79;52.05;52.35;401400;51.52
52.43;53.2;52.33;52.52;538700;51.68
52.35;52.73;51.9;52.42;527500;51.58
52.14;52.96;52.14;52.49;304400;51.65
52.44;52.67;51.92;52.21;772200;51.38
52.06;53.36;51.91;52.99;462200;52.14
53.25;53.26;52.51;53.08;703800;52.23
52.86;53.24;52.58;52.58;688000;51.74
52.86;53.06;52.51;52.87;443000;52.03
52.95;53.5;52.84;53.4;512600;52.55
53.65;54.2;53.17;53.41;292500;52.56
53.66;54.45;53.51;54.22;653600;53.36
54.07;54.41;53.55;53.67;446700;52.81
53.69;54.19;53.47;53.69;683200;52.83
53.71;53.92;52.66;52.85;813600;52.01
52.46;52.5;51.54;51.65;514000;50.83
51.65;51.87;51;51.21;460800;50.39
51.57;51.88;50.94;51.88;694200;51.05
51.91;52.26;51.57;51.84;483300;51.01
51.5;52.4;51.5;52.39;493000;51.55
52.8;53.03;51.5;52.06;568200;51.23
52.19;52.88;51.5;52.5;484400;51.66
52.5;52.94;51.5;52.94;541200;52.1
52.97;53.32;52.55;53.26;602500;52.41
52.74;52.9;51.88;52.4;1779900;51.56
52.62;53.86;52.56;53.54;643900;52.69
53.53;54.57;53.03;54.45;580400;53.58
54.4;54.4;53.68;54.11;399700;53.25
54.06;54.9;53.96;54.69;692800;53.82
54.56;55.25;54.32;55.07;544700;54.19
54.79;55;54.02;54.71;461200;53.84
54.72;55.44;54.6;54.97;409000;54.09
54.97;55.42;54.28;54.8;667500;53.93
54.95;55.34;54.36;54.57;533900;53.7
55.65;56.16;55.04;55.83;796500;54.94
55.65;56.34;55.06;56.2;686600;55.3
56.2;56.48;55.72;56.18;618100;55.28
56.08;56.49;55.7;56.16;314600;55.26
56.17;56.6;55.77;56.45;608000;55.55
56.38;56.75;55.9;55.9;643700;55.01
55.88;56.64;55.76;56.2;513500;55.3
56.22;56.83;56.05;56.62;426800;55.72
56.59;57.65;56.59;57.07;519700;56.16
56.8;56.85;55.81;56.14;534100;55.24
56.36;57.06;56.15;57.05;491700;56.14
57;57.2;56.69;57.18;320200;56.27
57.37;57.53;57.11;57.43;319600;56.51
57.64;58.27;57.46;58.21;497500;57.28
58.25;58.77;57.84;58.6;570900;57.67
58.36;59.16;57.98;58.9;1019500;57.96
58.65;59.25;56.74;57.24;670000;56.33
57.24;57.71;56.85;57.48;525900;56.56
57.42;58.55;57.38;58.07;536100;57.14
58.12;59.62;58.1;59.49;937900;58.54
59.49;59.51;58.47;59.36;462700;58.41
59.79;60.27;58.96;59.51;489400;58.56
59.3;59.99;58.88;59.05;521800;58.11
59.45;59.55;58.29;58.7;533600;57.76
58.4;58.49;56.66;57.8;1230100;56.88
57.45;58.28;57.4;58.11;778700;57.18
57.7;58.63;57.7;58.5;555700;57.57
58.36;58.8;58.1;58.28;688300;57.35
58.07;58.2;57.66;58.2;573700;57.27
58.04;58.4;57.62;58.17;460500;57.24
57.94;58.55;57.24;58.11;546400;57.18
57.59;58.65;57.59;58.53;428600;57.6
58.7;59.02;58.65;59.02;355300;58.08
58.83;58.97;58.31;58.53;562300;57.6
58.51;58.73;57.67;57.7;739700;56.78
57.85;57.94;57.32;57.52;969000;56.6
57.39;57.97;57.28;57.84;510400;56.92
57.65;58.18;57.65;57.94;420100;57.02
57.39;57.49;56.52;56.65;555300;55.75
56.86;56.97;56.14;56.36;530900;55.46
56.5;56.75;56.34;56.66;457500;55.76
56.43;56.48;56.16;56.44;304700;55.54
56.23;56.49;56.12;56.41;545500;55.51
56.46;57.06;56.32;57.06;394100;56.15
56.88;57.36;56.75;56.98;402700;56.07
57.2;57.72;56.69;57.33;715500;56.42
56.96;57.61;56.87;57.4;358700;56.48
57.39;57.39;56.59;56.63;408200;55.73
56.74;57.61;56.6;56.85;455000;55.94
56.56;57.65;56.56;57.53;611600;56.61
57.48;57.48;56.26;57.01;948300;56.1
56.77;56.93;56.51;56.52;557400;55.62
56.52;56.94;56.52;56.71;404100;55.81
56.7;56.91;56.07;56.63;714300;55.73
56.46;56.92;56.37;56.61;415700;55.71
57.13;57.19;55.13;55.83;1005600;54.94
56.04;56.26;55.43;55.64;692600;54.75
55.26;55.68;54.77;54.77;1188300;53.9
54.82;55;54.38;54.38;912200;53.51
54.22;55.14;54.17;54.78;1047000;53.91
55.01;55.58;54.62;55.32;2022200;54.44
55.5;55.75;55.34;55.57;503700;54.68
55.71;55.78;55.33;55.33;630100;54.45
55.17;56.66;55.13;56.54;1079400;55.64
56.62;57.34;56.5;57.2;689400;56.29
57.3;57.4;56.74;57.06;725900;56.15
57.24;58.18;57.21;58.06;649400;57.13
57.9;58.51;57.71;58.12;475500;57.19
57.92;58.34;57.75;58.21;448000;57.28
58.21;58.43;57.9;57.9;519700;56.98
58.13;58.89;57.93;58.24;558300;57.31
58;58.05;57.32;57.33;466200;56.42
57.4;57.68;57.14;57.44;448100;56.52
57.61;57.86;57.38;57.77;356800;56.85
57.8;58.35;57.74;57.85;396300;56.93
57.83;58;57.32;57.71;315000;56.79
57.73;58.12;57.65;57.85;326800;56.93
57.96;58.84;57.72;58.51;489500;57.58
58.37;58.58;57.99;58.15;376600;57.22
58.2;59.45;57.7;59.43;1108700;58.48
59.25;59.58;58.94;59.25;1142100;58.3
59.19;59.25;58.28;58.55;733300;57.62
58.62;58.72;57.64;57.66;477200;56.74
57.63;57.87;57.2;57.34;709300;56.43
57.46;58.03;57.12;57.66;316500;56.74
57.72;57.72;56.51;57.11;723600;56.2
56.98;57.15;56.55;57.05;401700;56.14
56.96;57.33;56.28;56.7;758300;55.8
55.9;55.95;53.83;54.19;2149800;53.33
53.6;53.78;51.46;52.51;1986700;51.67
52.5;52.88;51.43;51.85;1571900;51.02
51.85;52.16;51.5;51.89;920600;51.06
52;53.8;51.99;53.77;1424100;52.91
53.96;53.97;52.81;52.9;960700;52.06
52.98;53.4;52.46;52.6;728000;51.76
52.79;52.99;52.25;52.67;712600;51.83
52.7;53.33;52.27;52.94;584900;52.1
52.86;53.16;52.61;52.98;619000;52.13
53.06;53.07;52.31;52.58;519500;51.74
52.48;52.62;51.81;51.93;663900;51.1
51.83;52.1;51.53;51.59;866400;50.77
51.9;51.93;51.16;51.83;606900;51
51.58;51.94;51.4;51.5;699400;50.68
51.5;51.7;51.22;51.55;688000;50.73
51.43;51.61;51.08;51.43;904700;50.61
51.29;51.88;51.21;51.35;799000;50.53
51.33;51.7;51.05;51.3;607200;50.48
51.36;52.86;51.36;52.74;1246600;51.9
52.46;52.69;51.96;52.64;685700;51.8
52.82;52.93;52.1;52.38;794300;51.54
52.47;53.02;52.17;52.8;706100;51.96
52.87;53.65;52.74;53.35;794800;52.5
53.34;53.84;53.16;53.58;953100;52.73
53.65;53.82;53.38;53.8;673400;52.94
53.81;54.37;53.66;54.36;751900;53.49
54.49;54.56;53.78;53.91;734700;53.05
53.97;54.3;53.88;54.18;534400;53.32
54.33;54.48;53.92;54;646500;53.14
53.8;53.92;53.52;53.58;670900;52.73
53.21;53.69;53.03;53.45;737000;52.6
53.39;53.55;52.65;52.88;898700;52.04
52.9;53.02;52.4;52.44;680500;51.6
52.4;52.77;52.18;52.29;949900;51.46
52.26;52.71;52.13;52.13;713900;51.3
52.01;52.43;51.96;52.19;645900;51.36
51.85;52.61;51.85;52.21;1267700;51.38
52.21;52.21;52.21;52.21;0;51.38
52.21;52.21;52.21;52.21;0;51.38
52.21;52.21;52.21;52.21;0;51.38
52.42;52.69;51.67;52.18;452000;51.35
52.24;52.66;52.17;52.31;311700;51.48
52.31;52.31;52.31;52.31;0;51.48
52.31;52.31;52.31;52.31;0;51.48
52.6;52.99;51.8;52.17;1019500;51.34
52.1;52.17;51.33;51.44;973300;50.62
51.47;51.99;51.2;51.61;874300;50.79
51.51;51.77;51.09;51.2;727600;50.38
51.21;51.56;50.99;51.12;800600;50.3
51.23;51.39;50.15;50.19;1205500;49.39
49.7;49.7;47.79;48.9;2603700;48.12
49;49.4;48.15;48.21;1464400;47.44
48.5;49.49;48.5;49.18;1969800;48.4
49.28;49.91;49.1;49.61;1186400;48.82
49.6;50.23;49.36;49.97;934600;49.18
50.1;50.57;49.52;50.38;932300;49.58
50.38;50.67;50.11;50.11;888400;49.31
50.25;50.64;50.02;50.53;504000;49.72
50.53;50.9;50.18;50.8;676900;49.99
50.86;51.64;50.86;51.64;804800;50.82
51.76;51.83;51.38;51.71;669200;50.89
51.75;52.2;51.39;51.95;768700;51.12
52;52.09;51.37;51.48;637600;50.66
51.79;52.28;51.62;52.2;612300;51.37
52.2;52.66;51.96;52.49;705100;51.65
51.85;52.44;51.61;51.93;1097300;51.1
52.12;52.41;51.84;51.99;672200;51.16
52.5;52.57;51.73;51.87;769300;51.04
51.73;52.13;51.54;52;786900;51.17
52.1;52.31;50.87;51.18;980700;50.36
51.16;52.08;50.75;52.01;864800;51.18
52.03;52.32;51.38;52.03;775600;51.2
52.01;52.35;51.81;52.07;521400;51.24
51.92;52.15;51.76;51.84;439200;51.01
51.81;52.59;51.77;52.27;677500;51.44
52.21;52.45;51.87;52.1;567300;51.27
52.08;52.74;51.95;52.08;914400;51.25
52.11;52.5;52.01;52.2;391900;51.37
52.21;52.59;51.97;52.41;659400;51.57
52.44;52.5;51.81;51.9;565700;51.07
51.71;52.1;51.41;52.03;794400;51.2
52.08;53.12;51.95;53.12;995300;52.27
52.65;52.9;52.14;52.32;1195700;51.49
51.67;54.34;51.66;53.09;1602500;52.24
52.7;53.41;52.48;52.6;783600;51.76
52.88;53.07;52.51;52.53;736200;51.69
52.56;53.32;52.39;52.48;614000;51.64
52.14;52.58;51.8;52.17;665400;51.34
52.4;52.66;51.98;52.29;889900;51.46
52.3;52.59;52.05;52.29;516700;51.46
52.24;52.45;51.57;51.69;843300;50.87
51.66;51.79;50.85;51.01;1150700;50.2
51.25;51.92;50.91;51.83;701300;51
51.75;51.97;51.46;51.93;458400;51.1
51.97;52.07;51.38;51.52;669100;50.7
51.19;52;51.09;52;662800;51.17
52.09;52.49;51.88;52.43;1693900;51.59
52;52.14;51.85;51.89;1250200;51.06
51.8;52.25;51.75;51.88;742700;51.05
52;52.49;51.78;52;630000;51.17
52.09;52.15;51.57;52.09;594700;51.26
52.06;52.47;52.03;52.21;637500;51.38
52.29;52.56;52.15;52.41;747400;51.57
52.4;52.46;51.88;52.22;672400;51.39
52.29;52.97;52.25;52.89;869600;52.05
52.98;53.03;52.63;52.65;552100;51.81
52.65;52.65;52.65;52.65;0;51.81
52.65;52.65;52.65;52.65;0;51.81
52.59;54.03;52.46;53.94;884500;53.08
54;54.48;53.85;54.06;1107300;53.2
54.9;56.54;54.81;55.6;2013800;54.71
55.6;55.72;54.55;54.84;928900;53.97
55.08;55.27;54.66;54.95;516600;54.07
55.33;55.39;54.58;54.85;676800;53.98
55.03;55.16;54.22;55.01;901400;54.13
55;55.5;54.73;55.03;582600;54.15
54.75;55.18;54.62;54.84;555500;53.97
54.75;55.28;54.55;54.89;586100;54.01
54.93;54.93;54.2;54.24;569700;53.37
54.37;54.63;52.99;53.56;856700;52.71
53.69;53.9;53.02;53.12;623300;52.27
53.45;53.57;52.74;52.99;946100;52.14
53.33;53.42;53.13;53.36;536100;52.51
53.34;53.6;53.06;53.6;853200;52.75
53.56;53.7;53.13;53.3;952300;52.45
53.23;53.37;52.53;53.05;707800;52.2
53;53.14;52.36;52.55;747300;51.71
53.05;53.12;52.31;52.48;614100;51.64
50.65;52.58;49.97;52.4;2339300;51.56
52.4;52.4;52.4;52.4;0;51.56
52.01;52.39;51.54;52.06;1170000;51.23
52.04;52.15;51.55;51.7;977500;50.88
51.74;52.91;51.7;52.79;728300;51.95
52.97;53.2;52.55;52.95;701000;52.11
52.97;53.19;52.63;53.06;584100;52.21
53.17;54.31;53.11;54.27;729000;53.4
54.43;54.97;54.35;54.48;766900;53.61
54.58;54.94;54.19;54.27;650800;53.4
53.98;54.12;53.72;53.93;714600;53.07
53.86;53.98;52.84;53.04;936200;52.19
53.13;53.2;52.2;52.97;1185200;52.13
52.15;52.3;51.49;51.8;1171100;50.97
52.1;52.46;51.6;52.43;428000;51.59
52.65;53.47;52.6;53.18;1119600;52.33
53.13;54;53;53.92;871600;53.06
53.76;54.5;53.21;53.6;1048000;52.75
53.55;53.57;52.74;53.09;872000;52.24
53.01;53.31;52.77;53.24;347300;52.39
53.46;53.75;53.06;53.42;771300;52.57
53.39;53.5;52.11;52.3;804700;51.47
52.5;52.68;52.06;52.67;545300;51.83
52.44;52.46;51.56;52.4;1192300;51.56
52.01;52.31;51.31;51.84;806400;51.01
51.89;52.53;51.59;52.09;589400;51.26
52.01;52.84;51.95;52.25;715900;51.42
52.2;52.52;51.82;51.93;680100;51.1
52.14;52.31;51.02;52.27;911400;51.44
52.91;53.36;52.73;53.15;757300;52.3
52.79;53.32;52.34;53.32;770900;52.47
53.03;53.8;52.84;53.16;786600;52.31
52.84;53.37;52.4;52.74;863800;51.9
52.58;52.92;52.03;52.67;732000;51.83
52.47;53.14;52.46;52.68;520200;51.84
52.64;53.52;52.35;53.2;547400;52.35
53.18;53.63;52.76;53.04;588900;52.19
53;53.49;52.58;53.34;1157900;52.49
53.39;54.28;53.1;53.95;2116500;53.09
54;54.27;53.13;53.37;1189100;52.52
53.46;53.86;52.62;53.86;898600;53
53.8;54.14;53.56;53.7;905700;52.84
53.8;55.05;53.69;54.5;1074600;53.63
54.53;54.79;54.17;54.53;941800;53.66
54.39;55.05;54.22;54.44;689300;53.57
49.8;50.28;48.75;49.71;5390300;48.91
49.54;49.8;48.9;49.8;1639700;49.01
49.88;49.97;49.18;49.28;1232900;48.49
49.47;49.47;47.85;48.11;1698500;47.34
48.08;48.69;48;48.25;828400;47.48
48.7;49.4;48.65;49.35;1189000;48.56
49.28;49.69;49.12;49.69;877100;48.9
49.7;50.42;49.59;50.03;901600;49.23
50.04;50.36;49.98;50.14;590400;49.34
50.3;50.55;49.62;50;536400;49.2
50;50.01;49.68;49.86;504400;49.06
49.97;50.05;49.34;49.75;643200;48.96
49.85;50.08;49.5;49.99;785400;49.19
49.9;50.08;49.77;49.85;1383300;49.06
49.4;49.78;49.31;49.56;490500;48.76
49.65;49.95;49.54;49.8;584800;49.01
49.9;50.02;49.28;49.47;730700;48.68
49.48;49.83;49.33;49.47;710700;48.69
49.69;49.72;48.44;48.56;705900;47.78
48.83;49.12;48.19;48.38;1004500;47.61
48.3;49.08;46.81;47.4;1447800;46.64
47.5;47.61;46.51;47.58;1446400;46.83
47.58;48.48;47.38;48.31;933700;47.54
48.21;48.22;47.74;47.86;680000;47.1
47.45;47.92;47.37;47.72;538100;46.95
47.22;47.59;47.05;47.49;802300;46.73
47.5;48.58;47.5;48.57;887900;47.8
48.54;49.16;47.72;49.1;924300;48.32
48.63;49.28;48.51;49.21;561300;48.43
49.17;49.46;48.83;49.37;592900;48.58
49.46;49.83;49.42;49.78;736300;48.99
49.7;50;49.69;49.85;526300;49.05
49.81;50.25;49.46;50.25;417400;49.45
50.25;50.35;49.89;50.22;565300;49.42
49.74;50.53;49.11;50.5;527700;49.69
50.09;50.36;49.92;50.2;547000;49.4
50.2;50.21;49.81;49.81;371900;49.02
49.63;50.45;49.3;50.22;510900;49.42
50.24;50.32;49.9;50.12;312400;49.32
49.98;50.48;49.98;50.43;224200;49.63
50.14;50.4;49.75;50.24;535100;49.44
50.09;50.17;49.58;49.9;485800;49.1
49.53;49.92;49.23;49.72;499500;48.93
49.65;49.66;48.99;49.19;694000;48.4
49.35;49.51;48.96;49.35;470100;48.56
49.56;49.56;49.01;49.06;545600;48.27
49.06;49.62;48.97;49.55;554800;48.76
49.37;49.51;48.45;48.45;638600;47.68
48.65;48.75;48.08;48.3;745200;47.53
48.27;48.54;48.1;48.22;464200;47.45
48.1;49.12;48.06;49.03;744000;48.24
48.92;49.16;48.75;48.95;504500;48.17
48.97;49.12;48.4;48.85;611400;48.07
49;49.69;48.53;48.57;555000;47.8
48.99;49.16;48.35;48.48;913300;47.71
48.54;48.72;48.2;48.27;597100;47.5
48.33;48.83;48.28;48.53;694600;47.75
48.63;48.87;48.3;48.42;931000;47.65
48.38;48.7;48.21;48.4;1573300;47.63
48.44;48.6;48.19;48.5;574600;47.73
48.49;48.74;47.98;48.4;660200;47.63
48.4;48.52;48.12;48.5;884700;47.73
48.36;48.53;48.2;48.44;556000;47.67
48.55;48.6;48.01;48.15;440400;47.39
48;48.39;47.95;48.09;618300;47.32
48.13;48.44;47.91;48.35;652500;47.57
48.35;48.37;47.85;48.18;491100;47.41
48.15;48.39;48;48.19;362000;47.42
48.15;48.24;47.86;48.05;536900;47.28
48.07;48.08;47.54;47.69;516500;46.93
47.69;47.79;47.33;47.47;647600;46.71
47.45;47.59;47.05;47.16;598900;46.41
47.15;47.17;46.71;47;867700;46.25
47;47.6;46.88;47.44;733400;46.68
47.33;48.07;47.27;47.52;565900;46.76
47.6;47.87;47.24;47.24;744100;46.49
47.12;47.31;46.64;47.03;874900;46.28
47.03;47.42;46.95;47.33;533700;46.58
47.49;48.55;47.31;48.52;1620200;47.75
48.4;49.17;48.28;49.09;701200;48.31
49.18;49.45;48.83;49.28;763300;48.49
48.99;49.51;48.88;48.94;623600;48.16
48.9;48.94;48.4;48.71;926000;47.93
48.52;49.14;48.42;49.1;667600;48.32
48.87;49.47;48.79;49.26;602000;48.47
49.24;49.65;48.68;48.72;990500;47.94
48.6;49.11;48.6;48.92;604700;48.13
48.69;49.04;48.6;48.76;620400;47.98
48.81;49.04;48.46;48.98;612000;48.2
49;49.37;48.57;48.57;713400;47.8
48.79;49.4;48.34;49.15;1192800;48.37
48.83;49.01;47.9;47.9;1104400;47.13
47.9;47.92;47.6;47.7;1233100;46.94
47.6;47.95;47.53;47.89;700400;47.13
47.94;48.19;47.9;48.05;410000;47.28
48.04;48.19;47.83;48.06;585000;47.29
47.5;47.97;47.32;47.56;814300;46.81
47.83;48.13;47.83;48.01;515300;47.24
47.92;48.12;47.81;48;672700;47.23
48.05;48.2;47.93;48;655800;47.23
47.99;48.45;47.99;48.34;1189600;47.57
48.4;48.8;48.24;48.31;562100;47.53
48.12;48.26;47.87;47.88;514400;47.12
47.97;48.13;47.7;47.86;688200;47.1
51.5;52.47;51.08;51.19;4472200;50.37
51.18;51.95;51.06;51.77;1288200;50.94
51.6;51.87;51.28;51.32;701000;50.5
51.15;51.34;50.56;50.85;723200;50.04
50.74;51.59;50.73;51.44;769800;50.62
51.16;51.74;51.16;51.31;518000;50.49
51.55;52;51.39;51.8;1199800;50.97
51.72;51.96;51.07;51.27;785900;50.45
51.39;51.93;51.05;51.86;646300;51.03
51.83;52.32;51.36;51.41;757600;50.59
51.38;51.52;51.08;51.35;489600;50.53
51.3;51.71;50.93;50.98;629300;50.17
50.9;51.32;50.46;50.6;633700;49.79
50.55;51.04;50.44;50.72;747300;49.91
50.35;50.57;50.22;50.42;531600;49.62
50.17;50.44;49.97;50.13;569200;49.33
49.96;50.37;49.93;49.98;502900;49.18
50.3;50.66;50.2;50.52;568400;49.71
50.63;51.5;50.63;51.47;844800;50.65
51.48;51.57;51.03;51.04;1321300;50.23
51.16;51.32;50.97;51.18;364700;50.36
51.18;51.18;51.18;51.18;0;50.36
51.18;51.18;51.18;51.18;0;50.36
51.18;51.18;51.18;51.18;0;50.36
51.52;51.91;51.36;51.52;395200;50.7
51.48;51.96;51.01;51.73;273800;50.9
51.73;51.73;51.73;51.73;0;50.9
51.73;51.73;51.73;51.73;0;50.9
51.7;51.72;50.44;50.64;639200;49.83
50.76;51.32;50.76;51.16;403900;50.34
51.2;51.42;51.08;51.3;317700;50.48
51.24;51.29;50.95;51.2;381800;50.38
51.2;52.12;50.99;51.91;836300;51.08
52.3;52.84;52;52.45;1281400;51.61
52.61;52.68;52.18;52.42;615600;51.58
52.3;52.39;51.45;51.6;532300;50.78
51.45;51.91;51.13;51.51;568100;50.69
51.66;52.22;51.53;52.19;644900;51.36
52.19;53.37;52.19;52.9;856100;52.06
52.87;53.47;52.65;53.29;1052800;52.44
53.3;54.1;53.2;54;623200;53.14
54.1;54.3;53.5;53.71;674200;52.85
53.63;54.31;53.61;53.97;571300;53.11
53.82;54.27;53.7;54.05;703000;53.19
54;54.32;53.43;53.54;930000;52.69
53.44;53.72;52.9;53.05;705700;52.2
53.28;53.53;52.89;53.48;795900;52.63
53.89;53.89;52.44;52.7;682700;51.86
52.84;53.05;52.47;52.66;491800;51.82
52.65;52.75;51.72;52.2;766400;51.37
52.66;52.95;52.4;52.59;585800;51.75
52.57;52.69;51.72;51.82;734600;50.99
51.82;52.19;51.59;51.66;623600;50.84
51.85;51.88;51.4;51.75;659900;50.92
51.69;51.88;51.43;51.84;615200;51.01
51.84;52.05;51.69;51.82;391600;50.99
51.87;52.44;51.73;52.44;583400;51.6
52.61;53.86;52.59;53.43;973200;52.58
53.41;53.63;53.17;53.56;529000;52.71
53.55;53.73;53.36;53.42;495300;52.57
53.63;53.76;53.23;53.3;368200;52.45
53.47;53.51;52.95;53.21;504000;52.36
53.18;53.66;53.18;53.5;516900;52.65
53.06;53.35;52.98;53.35;839600;52.5
53.5;53.72;52.47;52.66;769800;51.82
52.92;53.37;52.52;52.85;647600;52.01
49.4;50.46;48.93;49.82;3793000;49.03
49.82;49.98;48.68;49.22;2072200;48.43
49.2;49.38;48.38;48.6;1314800;47.82
48.74;50.14;48.6;50.11;1492100;49.31
49.4;49.6;49.1;49.26;1059100;48.48
49.4;49.54;48.95;49.54;1295200;48.75
49.42;49.5;48.55;48.78;1131100;48
48.94;49.24;48.6;48.9;982200;48.12
48.85;49.56;48.21;48.58;1194000;47.81
48.33;48.89;48.06;48.66;717400;47.88
48.62;48.8;48.03;48.56;652900;47.78
48.46;48.56;47.83;47.9;732300;47.14
47.92;48.2;47.48;47.48;739400;46.72
47.2;48.6;47.15;48.28;1308000;47.51
48.05;48.58;47.74;48.58;736900;47.81
48.4;49.04;48.26;48.95;755400;48.17
48.87;49.17;48.7;49;560300;48.22
48.83;49.49;48.53;49.49;773800;48.7
49.38;49.85;49.24;49.55;1595600;48.76
49.6;49.93;48.54;48.56;705100;47.78
48.71;50.71;48.67;50;1193500;49.2
50.21;50.78;50.19;50.55;688200;49.74
50.47;50.82;50.38;50.77;459400;49.96
50.95;51.06;50.69;50.86;607600;50.05
51;51.08;50.6;50.65;600700;49.84
50.68;50.76;50.13;50.26;810600;49.46
50.13;50.73;50.1;50.49;731600;49.68
51.55;52.41;50.81;52.18;1683500;51.35
52.17;52.17;51;51.5;1436900;50.68
51;51.32;50.63;50.86;867000;50.05
50.87;50.99;50.61;50.85;784500;50.04
50.78;50.93;50.36;50.41;689400;49.61
50.5;50.61;50;50.29;703000;49.49
50;50.1;49.1;49.15;936000;48.37
48.89;49.4;48.67;49.4;719400;48.61
49.28;49.38;48.33;48.51;1131000;47.74
48.65;49.13;48.53;49.1;843600;48.32
49.11;49.29;48.76;49.08;792900;48.3
49.08;49.08;49.08;49.08;0;48.3
49.08;49.08;49.08;49.08;0;48.3
49.4;49.94;49.38;49.47;872400;48.69
49.51;49.78;49.37;49.74;669300;48.95
49.89;50;49.26;49.74;674100;48.95
49.46;49.81;49.22;49.54;506000;48.75
49.65;49.9;49.13;49.32;523500;48.53
49.33;49.87;49.28;49.85;432800;49.06
49.72;50.04;49.54;49.55;630000;48.76
49.55;49.55;49.55;49.55;0;48.76
49.39;49.59;48.9;49.01;671700;48.23
48.89;49.3;48.55;49.16;469100;48.38
47.62;48.76;47.26;47.89;1271100;47.13
47.85;48.67;47.56;48.51;794800;47.74
48.46;48.85;48.11;48.38;783100;47.61
48.28;49.04;48.28;48.88;594200;48.1
48.9;49.28;48.62;49.18;554700;48.4
49.47;49.47;48.51;48.74;859900;47.96
48.9;48.94;48.61;48.85;506700;48.07
48.92;49.01;47.77;48.28;1198800;47.51
47.31;48.08;47.15;47.81;960900;47.81
47.53;47.69;47.28;47.37;812200;47.37
46.94;47.37;46.85;47.15;909300;47.15
46.92;47.35;46.79;47.3;597500;47.3
47.26;47.83;47.26;47.71;754400;47.71
47.67;47.85;47.44;47.78;622100;47.78
47.74;48.26;47.62;48.18;416700;48.18
48.08;48.64;47.99;48.51;650500;48.51
48.5;48.9;48.4;48.51;602300;48.51
48.55;48.69;48.51;48.53;209700;48.53
48.44;48.76;48.35;48.6;762400;48.6
48.5;48.56;48.1;48.29;499800;48.29
48.17;48.25;47.81;48.13;409600;48.13
48;48.4;47.88;48.33;543100;48.33
48.3;48.48;47.72;47.85;744000;47.85
47.6;47.71;46.79;47.65;1105500;47.65
47.54;48.15;47.43;47.87;406000;47.87
47.67;47.97;47.27;47.53;989800;47.53
47.53;47.86;47.47;47.53;477900;47.53
47.47;47.63;47.28;47.46;569800;47.46
47.28;47.62;47.01;47.47;624100;47.47
47.4;47.92;47.31;47.74;550900;47.74
47.74;48.19;47.74;48.02;673700;48.02
48.02;48.02;47.2;47.2;887600;47.2
47.31;47.52;47.22;47.3;494800;47.3
47.34;47.55;47.26;47.34;1823500;47.34
47.2;47.35;46.69;47.25;499100;47.25
47.31;47.67;47.23;47.47;512200;47.47
47.3;47.8;47.04;47.42;1026500;47.42
48.11;49.04;48.05;48.94;1729000;48.94
48.85;49.92;48.85;49.8;1215200;49.8
49.35;49.57;48.91;49.09;1417200;49.09
48.92;48.99;48.28;48.78;1089500;48.78
48.72;49.47;48.67;49.22;761300;49.22
49.21;49.8;49.13;49.58;811300;49.58
49.53;50.17;49.5;50.1;665600;50.1
49.99;50.38;49.71;50.1;788500;50.1
50.02;50.25;49.87;49.97;678400;49.97
49.85;49.93;49.53;49.86;666700;49.86
49.55;49.9;49.51;49.72;828900;49.72
49.72;49.95;49.35;49.9;783300;49.9
49.77;49.9;49.4;49.73;576500;49.73
49.8;50.4;49.74;49.83;739100;49.83
50.02;51.52;49.88;51.05;1183900;51.05
51.02;51.4;50.8;51.05;662600;51.05
51;51.05;50.35;50.4;1204400;50.4
50.21;50.34;49.74;49.91;556500;49.91
50.2;50.2;49.58;49.85;615100;49.85
49.73;50.37;49.52;49.92;621100;49.92
49.97;50.43;49.83;50.37;544600;50.37
50.2;50.37;49.94;50.13;593400;50.13
50.04;50.13;49.54;49.81;514300;49.81
49.79;50.4;49.79;50.03;497600;50.03
49.91;50.66;49.78;50.58;875700;50.58
51.25;53.28;51.25;51.9;2024300;51.9
51.85;51.93;50.64;50.79;1344400;50.79
50.36;50.65;50.02;50.15;919800;50.15
50.62;51.97;50.38;51.83;1303000;51.83
51.7;52.84;51.53;52.69;1452500;52.69
52.57;52.57;51.75;52.07;772000;52.07
51.76;52.04;51.38;51.44;898400;51.44
52;52.1;51.55;51.95;801200;51.95
51.84;51.93;51.19;51.37;442700;51.37
51.6;52.03;51.5;51.78;588900;51.78
51.53;51.93;51.06;51.82;580000;51.82
51.77;52.36;51.12;51.18;1025800;51.18
51.56;52.5;51.56;52.38;661000;52.38
52.5;53.04;52.08;52.23;639800;52.23
52.15;52.42;51.71;52.16;595500;52.16
52.2;52.67;52.2;52.45;593300;52.45
52.22;52.89;52.22;52.53;561900;52.53
52.86;52.96;52.44;52.91;411200;52.91
52.75;53.35;52.59;53.28;500500;53.28
53.05;53.25;52.62;53.12;500800;53.12
53;53.63;52.98;53.32;763400;53.32
53.29;53.7;53.16;53.67;753200;53.67
53.58;54.5;53.56;53.77;685300;53.77
54.08;54.11;53.41;53.77;678500;53.77
53.76;54.64;53.7;54.14;639300;54.14
54;54.17;53.63;54;662700;54
53.95;54.29;53.51;54.29;540900;54.29
54.3;54.98;54.09;54.89;631700;54.89
54.76;55.5;54.74;55.4;745800;55.4
55.4;55.45;55.08;55.34;521000;55.34
55.31;55.31;54.64;54.89;724500;54.89
54.81;55;54.25;54.46;424700;54.46
54.2;54.94;54.12;54.86;513500;54.86
54.67;54.73;53.77;54.19;704900;54.19
54.11;54.64;54;54.08;677500;54.08
53.95;54.3;53.36;54.3;654900;54.3
54.46;54.94;54.39;54.55;1987300;54.55
54.23;54.51;53.86;54.25;691900;54.25
54.08;54.22;53.74;53.74;478100;53.74
53.86;54.2;53.75;54.12;747800;54.12
54.2;54.84;54.15;54.35;764100;54.35
54.1;54.29;53.61;54.09;617200;54.09
54.05;54.34;53.79;54.23;639400;54.23
54.35;55.3;54.25;55.3;961100;55.3
55.2;56.11;55.14;55.65;939700;55.65
55.61;55.7;55.17;55.17;873700;55.17
55.17;55.17;55.17;55.17;0;55.17
55.9;55.9;54.72;54.92;1046800;54.92
54.88;55.01;54.4;54.83;935900;54.83
54.7;55.57;54.13;54.74;1369700;54.74
54.9;55.33;54.49;54.49;905300;54.49
54.89;55.29;53.96;54.16;1404800;54.16
53.89;54.14;53.39;53.63;760100;53.63
53.35;53.63;52.67;52.94;963700;52.94
52.84;52.84;51.82;52;1117600;52
52.06;52.23;50.75;51.47;1669100;51.47
51.6;54.27;51.54;54.27;2071600;54.27
